timestamp,attitude_roll,attitude_pitch,attitude_yaw,gravity_x,gravity_y,gravity_z,quaternion_x,quaternion_y,quaternion_z,quaternion_w,rotation_rate_x,rotation_rate_y,rotation_rate_z,user_acceleration_x,user_acceleration_y,user_acceleration_z
2025-10-18T13:44:28Z,-0.0022415515990124282,-0.01270279890535288,0.00017938148673309488,0.0332130491733551,0.25774601101875305,-0.9656416773796082,-0.006351251747963935,-0.0011213225294033574,9.680731511732157e-05,0.9999792706059956,-0.006825564429163933,0.009896699339151382,-0.006086914800107479,0.0018614158034324646,-0.003965288400650024,0.0006340742111206055
2025-10-18T13:44:28Z,-0.001992698279726929,-0.012961794043528105,-5.571731451596534e-05,0.03339577466249466,0.258004367351532,-0.9655663967132568,-0.006480875700860218,-0.0009961474274072207,-2.140086782823907e-05,0.9999785780456643,0.003671911545097828,0.014693908393383026,-0.0028132041916251183,0.00037834420800209045,-0.011453434824943542,-0.0014352202415466309
2025-10-18T13:44:28Z,-0.0018012889817813026,-0.012926765815681198,-3.297624392284286e-05,0.033586159348487854,0.25796976685523987,-0.965569019317627,-0.006463349555471538,-0.0009005189079255158,-1.0666602073477546e-05,0.9999787962517245,0.015819929540157318,0.008258196525275707,0.011651970446109772,-0.0001218840479850769,-0.013232052326202393,-0.004767775535583496
2025-10-18T13:44:28Z,-0.0018189416837384482,-0.012664860143664013,0.00042264303170512003,0.03368082270026207,0.25770074129104614,-0.9656375646591187,-0.006332192546717782,-0.0009107905936966684,0.0002170763017679977,0.9999795536610248,0.008843937888741493,-0.0007619746029376984,0.0174237210303545,-0.00011792033910751343,-0.007053881883621216,-0.0046370625495910645
2025-10-18T13:44:28Z,-0.001836733709321507,-0.012402944462517353,0.0008783500714725146,0.033775366842746735,0.25743165612220764,-0.9657060503959656,-0.006201025841555873,-0.0009210724741813782,0.00044486157202235235,0.9999802682053699,0.0018679462373256683,-0.00978214479982853,0.023195471614599228,-0.00011383742094039917,-0.0008756518363952637,-0.004506528377532959
2025-10-18T13:44:28Z,-0.0020281228839474546,-0.01236044979164045,0.0012931343604313452,0.03369231894612312,0.2573758661746979,-0.9657238125801086,-0.006179525099018558,-0.0010180375366966442,0.0006528215038990905,0.9999802300893347,-0.012554481625556946,-0.010533683933317661,0.012979547493159771,0.0006746053695678711,0.0049707889556884766,-0.0005463361740112305
2025-10-18T13:44:28Z,-0.0020474710555335473,-0.012568965942625963,0.001188080859320915,0.03364796191453934,0.2575809359550476,-0.9656707048416138,-0.006283828827571531,-0.0010274481219468893,0.0006004619325809652,0.999979587647985,-0.014866998419165611,0.0021984251216053963,-0.004765906371176243,0.0010079406201839447,0.005459100008010864,0.0009214878082275391
2025-10-18T13:44:28Z,-0.002066881520113818,-0.01277750453998705,0.0010831870959127413,0.03360358625650406,0.2577860355377197,-0.9656174778938293,-0.006388144508530887,-0.0010368793732066152,0.0005481845066097652,0.9999789483164157,-0.017179515212774277,0.01493053324520588,-0.02251136302947998,0.0013412944972515106,0.005947411060333252,0.002389252185821533
2025-10-18T13:44:28Z,-0.0016123325511931325,-0.01301741110708582,0.00024859040972903784,0.033837758004665375,0.25804728269577026,-0.9655395150184631,-0.006508557004032853,-0.000806958072677375,0.00012953958772478526,0.9999785202946305,-0.010986361652612686,0.021020904183387756,-0.03877854347229004,0.0004559457302093506,0.004489243030548096,0.0003541707992553711
2025-10-18T13:44:28Z,-0.0011579574863011832,-0.01325769895306917,-0.0005859712658465127,0.03407168388366699,0.2583087384700775,-0.9654613733291626,-0.0066289687701164,-0.0005770237883373856,-0.00028914119139377054,0.9999778790784276,-0.00479320902377367,0.027111273258924484,-0.0550457239151001,-0.00042914971709251404,0.0030308961868286133,-0.0016810894012451172
2025-10-18T13:44:28Z,-0.0006472752100514529,-0.013365700495321143,-0.0016911806265268504,0.03429340571165085,0.25845175981521606,-0.9654152989387512,-0.006683070933219257,-0.00031797932386983744,-0.0008434084196845109,0.9999773352335191,0.0027646049857139587,0.0275346040725708,-0.05932591110467911,-0.0013516321778297424,0.0006139874458312988,-0.002447843551635742
2025-10-18T13:44:28Z,-0.00015083431080717752,-0.013276018496475346,-0.0028279431664147256,0.034493543207645416,0.2584047019481659,-0.9654207229614258,-0.006638059953607614,-6.602953027548996e-05,-0.0014134392284120387,0.9999770460952949,0.012966168113052845,0.02523956261575222,-0.05311813950538635,-0.001498490571975708,-0.0031585693359375,-0.0030874013900756836
2025-10-18T13:44:28Z,0.00031664352812864707,-0.01297384928110218,-0.0037937805127364996,0.034707680344581604,0.2581463158130646,-0.9654821753501892,-0.006486566769272576,0.00017062302840367414,-0.0018978761053844127,0.9999771945236443,0.023538172245025635,0.02535051852464676,-0.03988442197442055,-0.002062220126390457,-0.007027357816696167,-0.0005502700805664062
2025-10-18T13:44:28Z,0.0007992563734605398,-0.012488020291349997,-0.004280091313674992,0.035054292529821396,0.25769391655921936,-0.9655905365943909,-0.006243099055791531,0.0004129818031699397,-0.0021424972182399393,0.9999782136849108,0.022570190951228142,0.025018852204084396,-0.02645721286535263,-0.0016593262553215027,-0.0046690404415130615,-0.00030225515365600586
2025-10-18T13:44:28Z,0.00128208592877325,-0.012002428857787788,-0.004766628730771957,0.03540116176009178,0.2572416663169861,-0.9656984210014343,-0.0059996316041650705,0.0006553321493833621,-0.0023871154057929977,0.999979062854538,0.02160220965743065,0.024687184020876884,-0.013030005618929863,-0.001256696879863739,-0.0023108720779418945,-5.46574592590332e-05
2025-10-18T13:44:28Z,0.0017308834537486844,-0.011590299083208345,-0.0050258604376899885,0.035771068185567856,0.25685247778892517,-0.9657884240150452,-0.0057929212453565904,0.0008799869582450819,-0.002517899478382386,0.9999797735581445,0.013892062939703465,0.022896863520145416,-0.006419389508664608,-0.003777936100959778,-0.0013442635536193848,0.00048041343688964844
2025-10-18T13:44:28Z,0.0022045533222024103,-0.011383478695730174,-0.0051350028171132265,0.0362018346786499,0.2566564083099365,-0.9658244848251343,-0.0056888558624139055,0.0011168682966122838,-0.002573729033008767,0.9999799685355858,0.006757987197488546,0.023303236812353134,-0.0052230749279260635,-0.003622502088546753,-0.0015187859535217285,0.000769197940826416
2025-10-18T13:44:28Z,0.0026782574716468317,-0.011176720926723054,-0.005244237711600506,0.03663264960050583,0.25646039843559265,-0.9658603072166443,-0.005584795591094797,0.0013537559943926217,-0.00262955589603798,0.9999800793279705,-0.00037608901038765907,0.023709610104560852,-0.004026760812848806,-0.0034671053290367126,-0.00169333815574646,0.0010576844215393066
2025-10-18T13:44:28Z,0.0035987602219673385,-0.01129225963690398,-0.005355736156007961,0.03749421238899231,0.2565757930278778,-0.9657965898513794,-0.005641251940196951,0.0018144634499116634,-0.002687977259350407,0.9999788430003482,-0.0063762059435248375,0.04396907985210419,-0.004080377519130707,-0.0023654401302337646,-0.0008822381496429443,0.00044918060302734375
2025-10-18T13:44:28Z,0.0045192354049777865,-0.01140790441312661,-0.0054671240094386194,0.038355693221092224,0.2566912770271301,-0.9657320380210876,-0.005697708551153673,0.0022751624768778895,-0.002746395697360531,0.9999774366810867,-0.012376322411000729,0.06422854959964752,-0.0041339946910738945,-0.0012636855244636536,-7.125735282897949e-05,-0.00016009807586669922
2025-10-18T13:44:28Z,0.005743843113272414,-0.011731679444409102,-0.00559367362898705,0.03950674086809158,0.25700831413269043,-0.9656013250350952,-0.0058577265881665065,0.002888262467924754,-0.002813619453010905,0.999974752775354,-0.021096371114253998,0.07235828042030334,-0.008465521037578583,-0.0025530345737934113,0.001275867223739624,-0.002476513385772705
2025-10-18T13:44:28Z,0.007082547022730734,-0.012397159768820259,-0.005891239738562026,0.04072504863142967,0.2576610743999481,-0.9653767347335815,-0.006188043136819953,0.0035594409497838597,-0.002967490996166802,0.99997016240266,-0.03113897703588009,0.06976351141929626,-0.011798513121902943,-0.0030934736132621765,0.0008603930473327637,-0.0013886690139770508
2025-10-18T13:44:28Z,0.008421104039496835,-0.013063064214961126,-0.006187970779168747,0.04194287583231926,0.2583140730857849,-0.9651500582695007,-0.006518369449624693,0.004230637717065792,-0.003121387974676515,0.9999649355564921,-0.04118158295750618,0.06716873496770859,-0.015131505206227303,-0.003633439540863037,0.00044468045234680176,-0.00030285120010375977
2025-10-18T13:44:28Z,0.009822981041447309,-0.013918230227720731,-0.006498526071257241,0.043217383325099945,0.25915008783340454,-0.9648696780204773,-0.006942980072031921,0.004933937452456101,-0.0032833185058147095,0.9999583280607472,-0.04557671397924423,0.07624553143978119,-0.01495495717972517,-0.003154214471578598,0.0008809268474578857,0.005707442760467529
2025-10-18T13:44:28Z,0.011474867166932155,-0.014815076025446175,-0.006831426817595564,0.044726718217134476,0.2600269019603729,-0.9645649194717407,-0.007387708404941135,0.005762512567531147,-0.0034580562305182704,0.9999501256073717,-0.0459103137254715,0.09354673326015472,-0.01880190521478653,-0.0042764171957969666,0.0022011399269104004,0.009382843971252441
2025-10-18T13:44:28Z,0.013515967867088623,-0.01562636453314661,-0.007250425067189243,0.046589598059654236,0.2608237862586975,-0.964261531829834,-0.007788374736646774,0.00678600513934223,-0.003677811166201026,0.999939899348317,-0.04034996032714844,0.11832630634307861,-0.020032444968819618,-0.007297419011592865,0.0008020699024200439,0.008926987648010254
2025-10-18T13:44:28Z,0.016028885167569475,-0.01630820332440881,-0.007691186021233088,0.04890140891075134,0.26149633526802063,-0.9639648795127869,-0.008122870162269478,0.008045386894689591,-0.003910680798907419,0.9999270115071853,-0.03484313189983368,0.1424923986196518,-0.017922408878803253,-0.010045476257801056,-0.0010780394077301025,0.008233904838562012
2025-10-18T13:44:28Z,0.019433332622588624,-0.016971396102891237,-0.007947382158557947,0.05211656540632248,0.2621445655822754,-0.9636203050613403,-0.008446519526803132,0.00974980411282278,-0.004055799642413603,0.999908592523411,-0.03525160625576973,0.17400014400482178,-0.01182263158261776,-0.010710518807172775,-0.0005710721015930176,0.008935272693634033
2025-10-18T13:44:28Z,0.022837643029470247,-0.01763543779178733,-0.00820129710109429,0.05533035472035408,0.2627934217453003,-0.9632643461227417,-0.008770133698944119,0.011454188447500582,-0.004200893761889413,0.9998871523203414,-0.03566008061170578,0.20550790429115295,-0.005722854286432266,-0.011374186724424362,-6.473064422607422e-05,0.009625256061553955
2025-10-18T13:44:28Z,0.027069335523693124,-0.018365463848372184,-0.008328283827907247,0.059369686990976334,0.26350152492523193,-0.9628303050994873,-0.009125325937215779,0.013571800240633898,-0.004287851407653072,0.9998570928012891,-0.039700042456388474,0.24695485830307007,0.0008574160747230053,-0.011242561042308807,-0.002035200595855713,0.011493802070617676
2025-10-18T13:44:28Z,0.03254914581440261,-0.019149379391222555,-0.008121120501969682,0.06468905508518219,0.2642503082752228,-0.9622822403907776,-0.009507118543863461,0.016311846725970875,-0.004215638587600857,0.9998128918765811,-0.04199032112956047,0.2814328670501709,0.009724600240588188,-0.01212950050830841,-0.0014093518257141113,0.011181175708770752
2025-10-18T13:44:28Z,0.03802918168161882,-0.019932124294071756,-0.007909568233938102,0.07000547647476196,0.2649976313114166,-0.9617044925689697,-0.009888827331580178,0.019051757456997002,-0.004143346986103349,0.9997610317885461,-0.04428059980273247,0.3159109055995941,0.018591783940792084,-0.013013511896133423,-0.0007820427417755127,0.010838806629180908
2025-10-18T13:44:28Z,0.04439794458509079,-0.020736181895208174,-0.0075939240549949515,0.07619690895080566,0.2657618522644043,-0.9610227346420288,-0.01028099836704978,0.022235151476658783,-0.004025949371941625,0.9996918562376632,-0.04360046982765198,0.35825037956237793,0.018854323774576187,-0.01262393593788147,0.0009460747241973877,0.011617660522460938
2025-10-18T13:44:28Z,0.05157364602646222,-0.02152564348184397,-0.007299058738277227,0.08315244317054749,0.26651254296302795,-0.9602378606796265,-0.010664869533493795,0.02582156319744631,-0.0039255972545176755,0.999602058349118,-0.04007954150438309,0.3976750373840332,0.01749364286661148,-0.011730298399925232,-0.0011414587497711182,0.010514557361602783
2025-10-18T13:44:28Z,0.05947816896664218,-0.02220007943069964,-0.007039211894123143,0.09079303592443466,0.26715341210365295,-0.9593673348426819,-0.01099018604799476,0.029771731416846237,-0.003847872719146007,0.9994890070959536,-0.0382530502974987,0.43317994475364685,0.018976261839270592,-0.010447829961776733,-0.001816391944885254,0.0091094970703125
2025-10-18T13:44:28Z,0.06827254173189486,-0.02292318791938909,-0.006809704775346599,0.09926952421665192,0.26784202456474304,-0.9583351016044617,-0.011338399757203958,0.03416619989030311,-0.0037938074863435754,0.9993447445516027,-0.036521513015031815,0.4584978222846985,0.016558431088924408,-0.010274842381477356,-0.002344489097595215,0.009031176567077637
2025-10-18T13:44:28Z,0.07706720820151992,-0.023644253503974505,-0.006573752488967113,0.1077367439866066,0.2685283124446869,-0.9572279453277588,-0.011686395721834986,0.03855999198387428,-0.003739623666408474,0.9991810712240939,-0.03478997200727463,0.4838156998157501,0.014140600338578224,-0.010092586278915405,-0.0028702914714813232,0.008877813816070557
2025-10-18T13:44:28Z,0.08715197110079298,-0.024249961697836723,-0.006379787909956447,0.1174178272485733,0.26910480856895447,-0.9559265971183777,-0.011974162817445446,0.04359740741930065,-0.0037148008477977798,0.9989706177803099,-0.033472273498773575,0.508612334728241,0.015396032482385635,-0.007479265332221985,-0.0028787553310394287,0.00856471061706543
2025-10-18T13:44:28Z,0.0972369888301578,-0.024853691621270636,-0.006179666858226813,0.1270853877067566,0.26967909932136536,-0.9545273780822754,-0.012261629698307925,0.04863370397380693,-0.0036898567485704253,0.9987347028466934,-0.032154571264982224,0.5334089398384094,0.016651464626193047,-0.004852399230003357,-0.0028850138187408447,0.008153736591339111
2025-10-18T13:44:28Z,0.10732228324562766,-0.025455368309074508,-0.00597351970063335,0.13673841953277588,0.2702510952949524,-0.9530304074287415,-0.012548780328670479,0.053668764152349197,-0.0036648472033312947,0.9984732788517304,-0.03083687089383602,0.5582056045532227,0.017906896770000458,-0.0022110193967819214,-0.002889007329940796,0.007645010948181152
2025-10-18T13:44:28Z,0.11798594040446703,-0.026014497818082412,-0.005691739533087763,0.14694420993328094,0.27077946066856384,-0.9513599872589111,-0.012816428147378467,0.058990482084086034,-0.0036075413605341907,0.9981697778363053,-0.03101572021842003,0.5764666795730591,0.020521320402622223,-0.0034025460481643677,-0.002916485071182251,0.006288111209869385
2025-10-18T13:44:28Z,0.12909158673169613,-0.026579079637689525,-0.005342571080700394,0.15756580233573914,0.2713107168674469,-0.9495069980621338,-0.013089142934635525,0.0645304813727066,-0.0035226443075567397,0.9978237138589594,-0.03311171382665634,0.5928424596786499,0.025394216179847717,-0.0007964968681335449,-0.0018763840198516846,0.00662153959274292
2025-10-18T13:44:28Z,0.14058129310689363,-0.027170176145767704,-0.004926651315810467,0.16854344308376312,0.2718650996685028,-0.9474610686302185,-0.01337809274456111,0.07025946229552621,-0.003411099525637763,0.9974332597598633,-0.03592899814248085,0.6146396994590759,0.02498786337673664,0.0045708417892456055,-0.0004004538059234619,0.010208725929260254
2025-10-18T13:44:28Z,0.15270815032064566,-0.02782116179241173,-0.004436093751982725,0.18011270463466644,0.2724743187427521,-0.9451545476913452,-0.013700393831048948,0.07630309975755972,-0.003272429478591997,0.9969852047095015,-0.04374070465564728,0.6475200653076172,0.024662014096975327,0.010640561580657959,0.0026428699493408203,0.014582574367523193
2025-10-18T13:44:28Z,0.1654105529097073,-0.028623505879614278,-0.00397915466473995,0.19217830896377563,0.27323007583618164,-0.9425565600395203,-0.014097973576749709,0.08263077047497802,-0.0031648378875347052,0.9964755337571272,-0.04862617701292038,0.6748504638671875,0.02111009508371353,0.010915890336036682,0.004382491111755371,0.012134850025177002
2025-10-18T13:44:28Z,0.17866896165131171,-0.02939227015526658,-0.0035778690092566744,0.2047175168991089,0.27395522594451904,-0.9397016763687134,-0.01447739757465025,0.0892321108780146,-0.003092684159459688,0.9959008410706638,-0.04343594238162041,0.6818072199821472,0.022485697641968727,0.012129560112953186,0.00022539496421813965,0.009125113487243652
2025-10-18T13:44:28Z,0.19192797792823899,-0.030155607367325102,-0.003166369476706687,0.21721802651882172,0.2746746242046356,-0.9366803765296936,-0.014856163857485739,0.09582950971387846,-0.0030203701880743322,0.9952823717854677,-0.03824571147561073,0.6887639164924622,0.023861298337578773,0.0133819580078125,-0.003925889730453491,0.005948901176452637
2025-10-18T13:44:28Z,0.2053374495606052,-0.03073130666167127,-0.0025966909042846147,0.22986331582069397,0.27520808577537537,-0.9335005879402161,-0.015151075604323603,0.10249610116141707,-0.0028660940125306953,0.994613965970276,-0.028508950024843216,0.6897627711296082,0.03693884238600731,0.015093684196472168,-0.005479186773300171,0.0020378828048706055
2025-10-18T13:44:28Z,0.218747330007114,-0.031123103158439212,-0.0018501230783768085,0.24251611530780792,0.2755585312843323,-0.9301900267601013,-0.01536696979946645,0.10915676272523443,-0.0026179850372283846,0.9939024317875962,-0.024613194167613983,0.6791310906410217,0.04368145018815994,0.01430945098400116,0.0010446012020111084,-0.001396477222442627
2025-10-18T13:44:29Z,0.23186432603170876,-0.031405904937290334,-0.0010053409376906918,0.2548803389072418,0.2758006453514099,-0.9268063306808472,-0.015538762876318385,0.11566620285045502,-0.00231556151490687,0.9931639427436366,-0.022687962278723717,0.6571274399757385,0.04019012674689293,0.01335415244102478,0.0031126439571380615,-0.005100846290588379
2025-10-18T13:44:29Z,0.2442507896656166,-0.031432771809710026,-0.00020931031603710373,0.2665283679962158,0.27579841017723083,-0.9235246777534485,-0.015585939651394749,0.12180863280619268,-0.0020183863221486346,0.9924291691915272,-0.015779076144099236,0.63886958360672,0.0450618676841259,0.012795984745025635,0.0006119608879089355,-0.003025233745574951
2025-10-18T13:44:29Z,0.2566372935822289,-0.031449765236408356,0.0005870407667902324,0.2781350016593933,0.2757865786552429,-0.9200992584228516,-0.015632512457041746,0.12794638945141945,-0.0017211085618228917,0.991656392272644,-0.008870188146829605,0.6206117272377014,0.04993361234664917,0.01227918267250061,-0.0018791556358337402,-0.0010933876037597656
2025-10-18T13:44:29Z,0.2687339813549254,-0.0313623229464719,0.0014688499520780268,0.28945985436439514,0.27567124366760254,-0.9166342616081238,-0.015637549188218344,0.13393511460332852,-0.0013728937117071258,0.9908657733864465,-0.00713178189471364,0.6100470423698425,0.05253620073199272,0.010720372200012207,0.0003973245620727539,0.0020734071731567383
2025-10-18T13:44:29Z,0.2806775613121125,-0.03122784912903869,0.0024102297371782068,0.30061936378479004,0.2755083739757538,-0.9130843877792358,-0.015628328077468678,0.1398427853518355,-0.0009908417387262851,0.990049915483846,-0.008571814745664597,0.6082470417022705,0.05319441854953766,0.010531067848205566,0.0020255446434020996,0.00455707311630249
2025-10-18T13:44:29Z,0.2927372344366393,-0.03111297875455467,0.0035321614610687967,0.31188178062438965,0.27535757422447205,-0.9093447923660278,-0.015647047710040937,0.14580149162906872,-0.0005217810146853564,0.989190006307273,-0.014856182970106602,0.6168680191040039,0.06258614361286163,0.010414153337478638,0.0004786849021911621,0.005507946014404297
2025-10-18T13:44:29Z,0.30479677235131936,-0.030984660746799696,0.004652549300803088,0.3230983018875122,0.27519363164901733,-0.9054700136184692,-0.01566522412466025,0.15175490165087538,-5.274226271360853e-05,0.9882940436981636,-0.021140551194548607,0.6254889965057373,0.07197786867618561,0.01034313440322876,-0.0010550320148468018,0.006323635578155518
2025-10-18T13:44:29Z,0.31700685829754,-0.03099850840389413,0.006047131906609221,0.33445411920547485,0.27515581250190735,-0.9013488292694092,-0.01578146586841955,0.15777462231063244,0.0005389990986355583,0.9873488689414509,-0.027768628671765327,0.6298288106918335,0.08138630539178848,0.008808553218841553,-0.00033614039421081543,0.007237255573272705
2025-10-18T13:44:29Z,0.3293223785598201,-0.03105407936798164,0.007672592039374156,0.34590187668800354,0.27514907717704773,-0.8970199823379517,-0.015945053225934515,0.1638383908773976,0.0012388985402839129,0.9863575320940247,-0.03301295265555382,0.6357885599136353,0.0874062180519104,0.010074228048324585,-0.0032171308994293213,0.009755074977874756
2025-10-18T13:44:29Z,0.34189826644219323,-0.031053509336141646,0.009543722871138069,0.357587993144989,0.2750784754753113,-0.8924475312232971,-0.016111321181733054,0.17002227446617343,0.002060480939501752,0.9853063447746175,-0.032944247126579285,0.6510192155838013,0.10335633158683777,0.009407520294189453,-0.00459638237953186,0.01001274585723877
2025-10-18T13:44:29Z,0.3547540359993881,-0.030936758011180843,0.011768441486742848,0.3695545494556427,0.2748819589614868,-0.8876200318336487,-0.016262938348271853,0.17633460225660094,0.0030619565013358797,0.9841911862584163,-0.03649888187646866,0.6592603325843811,0.11800896376371384,0.005641579627990723,-0.0017482340335845947,0.009747684001922607
2025-10-18T13:44:29Z,0.36758375910910923,-0.03085728698961248,0.014210036967526759,0.38147884607315063,0.27471160888671875,-0.8826139569282532,-0.016466145263451675,0.18262475535401917,0.004164925188643494,0.9830360015594285,-0.04317288100719452,0.6513895988464355,0.11803683638572693,0.006171047687530518,0.003451138734817505,0.004615068435668945
2025-10-18T13:44:29Z,0.3802792546746531,-0.03079828605289817,0.01654785702081717,0.39319169521331787,0.2745635211467743,-0.8775050640106201,-0.0166840384008373,0.18884202191418115,0.005213596658152328,0.981851902189497,-0.038359321653842926,0.6464942693710327,0.11019894480705261,0.012054741382598877,0.0027302801609039307,0.006336331367492676
2025-10-18T13:44:29Z,0.3929722057748561,-0.030571235902207613,0.01862453762910835,0.40479230880737305,0.27426308393478394,-0.8723089694976807,-0.016808010061103783,0.19505339052995557,0.006148011222962573,0.9806293217079374,-0.0217459537088871,0.6528728008270264,0.09720077365636826,0.01450490951538086,0.0011335909366607666,0.006136417388916016
2025-10-18T13:44:29Z,0.40569883917179456,-0.030098206683319025,0.02026581300383739,0.4162817895412445,0.27374279499053955,-0.8670492172241211,-0.016780351384338837,0.20127862637742305,0.006892313359085535,0.9793660612182475,-0.003221554681658745,0.6509440541267395,0.08599212020635605,0.014257222414016724,0.0003204047679901123,-0.0022859573364257812
2025-10-18T13:44:29Z,0.418086335846689,-0.02949506138799882,0.021560159112655325,0.42734718322753906,0.2731108069419861,-0.8618496656417847,-0.01666195233320313,0.2073338504124373,0.007483867749885832,0.9780997621021629,0.005682630464434624,0.6222923398017883,0.07317536324262619,0.012730121612548828,0.004499077796936035,-0.008847594261169434
2025-10-18T13:44:29Z,0.4299168881157822,-0.028933446872117557,0.022508624440100877,0.4377884268760681,0.2725323736667633,-0.8567773103713989,-0.01653270635072515,0.21311193506784196,0.00790836660114209,0.9768559382578905,0.007759823929518461,0.5857717990875244,0.04858995974063873,0.014453142881393433,0.007654845714569092,-0.008278965950012207
2025-10-18T13:44:29Z,0.4410747862363218,-0.028430052391949658,0.02302387528426472,0.4474935531616211,0.2720273733139038,-0.8519099950790405,-0.016387324233100926,0.2185577569907573,0.00812245231712447,0.9756526496202761,0.01869291625916958,0.5588411092758179,0.03082345612347126,0.016723662614822388,0.003048926591873169,-0.0016291141510009766
2025-10-18T13:44:29Z,0.45181862654105925,-0.027741616945988336,0.023192097861321925,0.4567390978336334,0.27135854959487915,-0.8472036123275757,-0.016114140896880683,0.22379929244881772,0.00819341163841382,0.974467656278427,0.031257037073373795,0.5440512299537659,0.022937854751944542,0.017225682735443115,0.0014763176441192627,-0.0006816387176513672
2025-10-18T13:44:29Z,0.46211592357770204,-0.02695292858026865,0.023113598387132353,0.46551668643951416,0.2706032395362854,-0.8426553606987,-0.01576334323554995,0.22881980486802306,0.008162489473698374,0.9733069744511966,0.034961603581905365,0.5217141509056091,0.015148574486374855,0.01736748218536377,0.006890088319778442,-0.004984259605407715
2025-10-18T13:44:29Z,0.4718553461639275,-0.026416852796665016,0.02286927716614223,0.4737139642238617,0.2700975835323334,-0.8382376432418823,-0.015513811276769587,0.2335625472285147,0.008029550417335881,0.9721848603886297,0.023703932762145996,0.4922383725643158,0.0018269503489136696,0.020062118768692017,0.011847376823425293,-0.003083169460296631
2025-10-18T13:44:29Z,0.48122524023717017,-0.026177467091778466,0.022520385941281446,0.48150137066841125,0.26988157629966736,-0.8338587284088135,-0.015393497459616838,0.23811899445618812,0.00781591588313726,0.9710825498483001,0.009163700975477695,0.4668351709842682,-0.016519002616405487,0.02113613486289978,0.012955069541931152,-0.00247347354888916
2025-10-18T13:44:29Z,0.4902013750647678,-0.026344059142118046,0.02192180898361485,0.4888160228729248,0.2700662612915039,-0.8295318484306335,-0.015436641036735008,0.24247831188985497,0.007436218170313089,0.970005562192712,0.0005141003057360649,0.4512218236923218,-0.036535121500492096,0.02221563458442688,0.012124300003051758,-0.0014698505401611328
2025-10-18T13:44:29Z,0.4987758811508199,-0.026845048348685355,0.02107369213825059,0.4956633746623993,0.2705826163291931,-0.8252896070480347,-0.015606492184833983,0.24663788130955064,0.006897224354080532,0.9689575775981208,-0.007838035002350807,0.4293563663959503,-0.054191961884498596,0.021907120943069458,0.011464685201644897,-0.003084719181060791
2025-10-18T13:44:29Z,0.5069573657304702,-0.02779672449488429,0.019989165017726063,0.5020409822463989,0.2715415954589844,-0.8211089968681335,-0.015959233959471728,0.2506017715392151,0.006189071802077316,0.9679389959265737,-0.017092877998948097,0.4119182527065277,-0.0753917545080185,0.021832644939422607,0.011173486709594727,-0.00015556812286376953
2025-10-18T13:44:29Z,0.5148034252879843,-0.029126630956573363,0.01868758694294438,0.5080116987228394,0.27287229895591736,-0.8169851899147034,-0.01646075964746476,0.2543990228576581,0.00532779790234395,0.9669446203942347,-0.027040161192417145,0.38953229784965515,-0.0941634550690651,0.02004098892211914,0.007366269826889038,0.0031539201736450195
2025-10-18T13:44:29Z,0.5223489236344344,-0.030643232320165095,0.017259090420542456,0.5136507749557495,0.27438652515411377,-0.8129421472549438,-0.017028880978209225,0.25804770467809357,0.004379838314764706,0.9659722012936109,-0.027812432497739792,0.379524827003479,-0.09844377636909485,0.019019782543182373,-0.002963930368423462,0.00960385799407959
2025-10-18T13:44:29Z,0.5298040712811493,-0.0320203504178235,0.015909538837084677,0.5192196369171143,0.27576252818107605,-0.808928906917572,-0.017532948491086657,0.26164997539387436,0.0034848396534784194,0.9649972842652059,-0.027892565354704857,0.3810407817363739,-0.08009745180606842,0.017412900924682617,-0.006657809019088745,0.008315443992614746
2025-10-18T13:44:29Z,0.5373464635913144,-0.033257631368383125,0.015047481111473932,0.5249491333961487,0.2769843339920044,-0.8048031330108643,-0.018027947206892842,0.26528767057434743,0.002838914791511873,0.9639965830342174,-0.03635306656360626,0.3789234459400177,-0.055230095982551575,0.016599535942077637,-0.0030303895473480225,0.008189797401428223
2025-10-18T13:44:29Z,0.5448678874188517,-0.034456818989182236,0.014646698082183267,0.5307307839393616,0.27815109491348267,-0.8005977869033813,-0.018561968695960523,0.2689077339438144,0.002416741263729189,0.9629841139553253,-0.047182973474264145,0.3794875741004944,-0.04180176928639412,0.016699552536010742,-0.0011613965034484863,0.008048474788665771
2025-10-18T13:44:29Z,0.5523438262560686,-0.03558062839681078,0.014590107087501305,0.5365249514579773,0.2792316973209381,-0.7963483333587646,-0.019103657291641808,0.2724993521759766,0.0021668623636912584,0.9619639342094696,-0.05354093387722969,0.3739417493343353,-0.028338070958852768,0.015547871589660645,-0.0029855668544769287,0.005344510078430176
2025-10-18T13:44:29Z,0.5596577193024906,-0.03651322332844658,0.014740505412538695,0.5422278046607971,0.28012049198150635,-0.7921625971794128,-0.019580267224357323,0.2760083094219648,0.002040428160724963,0.9609537081373624,-0.053287845104932785,0.3624047636985779,-0.013916229829192162,0.015428304672241211,-0.0033211708068847656,0.004346966743469238
2025-10-18T13:44:29Z,0.5668034119894046,-0.0372990423936976,0.015163361186548624,0.5478438138961792,0.2808576822280884,-0.788026750087738,-0.020023659161563952,0.27943084588355216,0.0020635230048129337,0.9599548744444986,-0.052590511739254,0.3510001599788666,-0.0024730144068598747,0.0156671404838562,0.0004616975784301758,0.0036336779594421387
2025-10-18T13:44:29Z,0.5736549889770258,-0.03808649503309422,0.015697601061565498,0.553220272064209,0.2815918028354645,-0.7839983701705933,-0.020483676247360062,0.2827073855848772,0.0021396576769377607,0.9589851293603229,-0.05361422896385193,0.3367227017879486,-0.0030666692182421684,0.016676247119903564,0.0036956965923309326,0.004931747913360596
2025-10-18T13:44:29Z,0.580261887027174,-0.0388169188419997,0.01622179112186108,0.5583828091621399,0.28227147459983826,-0.7800842523574829,-0.020915413675164196,0.28586356523776685,0.0022185676950941422,0.9580395497186991,-0.045757632702589035,0.32968851923942566,-0.00018409336917102337,0.017719388008117676,-0.0030426979064941406,0.008821249008178711
2025-10-18T13:44:29Z,0.5867897448995288,-0.03931710840951204,0.016731304719645436,0.5634892582893372,0.2827308475971222,-0.7762365341186523,-0.021235505560649976,0.28898024528625443,0.0023217668424792364,0.9570968054530719,-0.03625994175672531,0.3305881917476654,0.011145338416099548,0.018636345863342285,-0.003776341676712036,0.008256614208221436
2025-10-18T13:44:29Z,0.5933195507248222,-0.03960175843908797,0.017410860011787835,0.5686393976211548,0.28297680616378784,-0.7723816633224487,-0.02147829167533061,0.29209429499653905,0.0025356807994921637,0.95614503303431,-0.03597480058670044,0.3265340328216553,0.021791819483041763,0.017537832260131836,0.0018908977508544922,0.00755620002746582
2025-10-18T13:44:29Z,0.5996201738563368,-0.03998771797764127,0.018203744620030552,0.57359379529953,0.28331518173217773,-0.7685848474502563,-0.02178748127993074,0.29509364872592025,0.002789680022873266,0.9552158683290155,-0.041813306510448456,0.30958864092826843,0.020379742607474327,0.01802206039428711,0.002985656261444092,0.006780564785003662
2025-10-18T13:44:29Z,0.6057245120482292,-0.04038220213529687,0.018948650706301355,0.5783616900444031,0.28366348147392273,-0.7648743391036987,-0.022095093455060555,0.2979966402553192,0.003019754560676645,0.9543064659044618,-0.04001844301819801,0.3000313341617584,0.017615724354982376,0.018077433109283447,-0.0011566579341888428,0.005935072898864746
2025-10-18T13:44:29Z,0.6117124332094522,-0.040611726374664335,0.01969238924106143,0.58304363489151,0.28385359048843384,-0.7612406015396118,-0.022325313810996592,0.3008424467941537,0.003273563541277616,0.9534069222166273,-0.03335839882493019,0.2867088317871094,0.020276639610528946,0.015026271343231201,-0.0014517605304718018,0.0003979206085205078
2025-10-18T13:44:29Z,0.6171966364408628,-0.040864429998614824,0.02034309447533094,0.587298572063446,0.2840695381164551,-0.7578818798065186,-0.022553277431935186,0.3034463464942662,0.003483866337438312,0.9525753150134465,-0.029023997485637665,0.263225793838501,0.01412123255431652,0.017134249210357666,0.004560977220535278,0.00170820951461792
2025-10-18T13:44:29Z,0.6222285514112236,-0.041197996481744555,0.020667467411575175,0.5911142826080322,0.28437599539756775,-0.754794180393219,-0.022770297906309182,0.30583566832526266,0.0035304070484135693,0.9518055581214264,-0.013906431384384632,0.24193276464939117,-0.002790406346321106,0.020219147205352783,-0.0010762214660644531,0.00757598876953125
2025-10-18T13:44:29Z,0.6271027698946785,-0.04107207502068855,0.020578531517156228,0.5947895646095276,0.28425896167755127,-0.7519456744194031,-0.02270526037701433,0.30815644162263983,0.00345203834513678,0.9510585534833927,0.02641966938972473,0.2428760677576065,-0.0002939966507256031,0.02128654718399048,-0.012297123670578003,0.013785719871520996
2025-10-18T13:44:29Z,0.6320305959901821,-0.0400986049400983,0.020155906419512353,0.5985671877861023,0.2833433747291565,-0.7492889761924744,-0.02218560148046299,0.31051135404244135,0.0033465985502463664,0.950304948694097,0.06640227884054184,0.25330764055252075,0.02069300413131714,0.018631458282470703,-0.009875655174255371,0.006918847560882568
2025-10-18T13:44:29Z,0.6369309044426584,-0.03857411953303566,0.019719648882101037,0.6024017333984375,0.2818998694419861,-0.7467561364173889,-0.021401801114383875,0.3128554713544178,0.003323856309537004,0.9495538985370456,0.07715272158384323,0.2310643494129181,0.031812895089387894,0.017062008380889893,0.004170477390289307,-0.0050127506256103516
2025-10-18T13:44:29Z,0.6404745608442516,-0.037377613980920925,0.019388089320436695,0.6051799654960632,0.28076598048210144,-0.7449347376823425,-0.020787838149599717,0.31455004750394144,0.003316992876432071,0.9490075771288886,0.0543266199529171,0.1753602772951126,0.01766892522573471,0.01990044116973877,0.010661333799362183,-0.010304749011993408
2025-10-18T13:44:29Z,0.6440184735942731,-0.03618233573459851,0.019052310635376404,0.6079512238502502,0.2796330153942108,-0.7431021332740784,-0.020173824459346148,0.3162435173505142,0.0033101135097067524,0.9484578755444403,0.03150051832199097,0.11965620517730713,0.003524957224726677,0.022745847702026367,0.017151325941085815,-0.015607953071594238
2025-10-18T13:44:29Z,0.6462222024554338,-0.03566243190723467,0.018761766755507826,0.6096177697181702,0.27914586663246155,-0.7419189810752869,-0.019884930917681513,0.3172951208530262,0.0032327130412193477,0.9481129553228752,0.009206296876072884,0.0634218230843544,-0.013157159090042114,0.024451017379760742,0.021877259016036987,-0.01606827974319458
2025-10-18T13:44:29Z,0.6470576773265774,-0.035912059029818824,0.01832671064458882,0.6101100444793701,0.27940264344215393,-0.7414174675941467,-0.019935481645304436,0.3176936969272533,0.002978501728766639,0.9479791734591879,-0.009718440473079681,0.010271921753883362,-0.03828828036785126,0.02585780620574951,0.019740521907806396,-0.011763334274291992
2025-10-18T13:44:29Z,0.6469680183641016,-0.0367157258906889,0.017737963203084246,0.6097925305366516,0.2801969349384308,-0.7413789629936218,-0.02022273240409901,0.3176513549469313,0.0025725642678832007,0.9479884730472868,-0.009197953157126904,-0.02862294763326645,-0.04663444682955742,0.024359583854675293,0.002743750810623169,-0.005653679370880127
2025-10-18T13:44:30Z,0.6462005811847072,-0.03738913480483987,0.017130415596896913,0.6089903116226196,0.280866801738739,-0.7417847514152527,-0.020444558625029783,0.31728899615886647,0.002185377572412858,0.9481059800913255,0.005225414410233498,-0.04853789508342743,-0.02781061641871929,0.02218693494796753,-0.009268879890441895,0.0002384185791015625
2025-10-18T13:44:30Z,0.645177928369438,-0.03749353705110063,0.0168251731444931,0.6081538200378418,0.2809789478778839,-0.7424283027648926,-0.020444582683302032,0.316806553371534,0.002034551993755719,0.9482676305926393,0.015439104288816452,-0.05922366678714752,0.004862898960709572,0.01919347047805786,-0.008025944232940674,0.005194365978240967
2025-10-18T13:44:30Z,0.643989217974839,-0.03722730531782114,0.016873585507817868,0.6073252558708191,0.2807217836380005,-0.7432034015655518,-0.020324782157429507,0.3162442310718568,0.0021117988962638633,0.9484577826294779,0.016458498314023018,-0.06407930701971054,0.02393636666238308,0.016575634479522705,-0.0013588666915893555,0.009265124797821045
2025-10-18T13:44:30Z,0.6429353156145896,-0.03666231587751086,0.01719834909924829,0.606700599193573,0.2801671028137207,-0.7439225912094116,-0.020106983475090025,0.315745039575178,0.0023658291240237724,0.9486281463472807,0.01709018275141716,-0.05872625857591629,0.02969571202993393,0.013664424419403076,0.0020251870155334473,0.011450409889221191
2025-10-18T13:44:30Z,0.641885292140089,-0.03592910875215155,0.017488420126202126,0.6060990691184998,0.27945229411125183,-0.7446813583374023,-0.01980366626921184,0.3152491892640306,0.0026296743658741476,0.948798672202707,0.018981274217367172,-0.06248125061392784,0.023004770278930664,0.010886132717132568,0.00812569260597229,0.009922266006469727
2025-10-18T13:44:30Z,0.640959188848922,-0.03538887058422753,0.017516153349834564,0.6055048108100891,0.2789328694343567,-0.7453592419624329,-0.01955050939229198,0.3148132943818047,0.0027371196734258447,0.9489483612043375,0.017081191763281822,-0.06440760940313339,-0.009724888950586319,0.00910407304763794,0.01240500807762146,0.009194910526275635
2025-10-18T13:44:30Z,0.6399385800482575,-0.03534116587451553,0.01688456845212647,0.6046271324157715,0.2789120674133301,-0.7460790872573853,-0.019427210687582568,0.3143354891709741,0.0024548786631029998,0.9491100152479213,0.029512425884604454,-0.06237422674894333,-0.04361763224005699,0.012110292911529541,0.008889734745025635,0.007802367210388184
2025-10-18T13:44:30Z,0.6390467483191216,-0.03533838790366364,0.015528009250829197,0.6036942601203918,0.2789627015590668,-0.7468152642250061,-0.01921187042388152,0.31392534959214924,0.0018201205488874244,0.9492515931853045,0.05902567505836487,-0.055804409086704254,-0.07027315348386765,0.016481757164001465,0.008957386016845703,0.0022161006927490234
2025-10-18T13:44:30Z,0.638011099235113,-0.03529132094047477,0.013345680210930615,0.6024971604347229,0.27900230884552,-0.7477666139602661,-0.01884656502202456,0.31345481841700845,0.0008014829061729583,0.9494157942246502,0.08418771624565125,-0.06946995854377747,-0.10212169587612152,0.018208801746368408,0.01761460304260254,-0.004843413829803467
2025-10-18T13:44:30Z,0.6364024958612836,-0.035482142094469114,0.010284457807092315,0.6006561517715454,0.27930235862731934,-0.7491344213485718,-0.018457886479887654,0.31271858157033794,-0.000666784122020909,0.9496663065814266,0.09683157503604889,-0.10082925856113434,-0.14320585131645203,0.01943570375442505,0.01618000864982605,-0.0039847493171691895
2025-10-18T13:44:30Z,0.6342712133105916,-0.03583472495316811,0.0066683277202751615,0.5982828140258789,0.27977585792541504,-0.7508549690246582,-0.018062440566321673,0.3117377247007509,-0.002419748640728498,0.9499934977127654,0.10382534563541412,-0.11930525302886963,-0.15770696103572845,0.01659238338470459,0.001433730125427246,-0.00015628337860107422
2025-10-18T13:44:30Z,0.6318435193080715,-0.03591602699753832,0.0031325148412542996,0.5957421660423279,0.27998295426368713,-0.7527953386306763,-0.017554885097183125,0.3106155135335236,-0.004090613273725442,0.9503648048149254,0.10741879045963287,-0.13190418481826782,-0.12583018839359283,0.012823641300201416,-0.011743515729904175,0.007456958293914795
2025-10-18T13:44:30Z,0.6295414027287788,-0.03549484719729413,0.0003980241624123499,0.5935325026512146,0.279676616191864,-0.7546523809432983,-0.01693616314996784,0.30954630443776476,-0.0053050805989780115,0.9507188245823939,0.099217489361763,-0.11928898096084595,-0.068423792719841,0.010179102420806885,-0.015296131372451782,0.014737188816070557
2025-10-18T13:44:30Z,0.6274885866470483,-0.034692212834022754,-0.00124306240035729,0.5917864441871643,0.27896425127983093,-0.756285548210144,-0.016306728980494928,0.30858604455279615,-0.005944226164303195,0.9510381831722303,0.07822670042514801,-0.10229502618312836,-0.011177543550729752,0.007080554962158203,-0.013811469078063965,0.016885757446289062
2025-10-18T13:44:30Z,0.6259364720640515,-0.03358188265671003,-0.0017200508638215435,0.5906977653503418,0.27791517972946167,-0.7575218677520752,-0.015709794554262812,0.30785424582884025,-0.005987550251316905,0.9512850540717253,0.04955258220434189,-0.08295013010501862,0.030917704105377197,0.005046188831329346,-0.007593035697937012,0.015901803970336914
2025-10-18T13:44:30Z,0.6247048450174509,-0.03243198473529104,-0.0013069992183789346,0.5900333523750305,0.27679669857025146,-0.7584485411643982,-0.015229880687948942,0.30726767383281645,-0.005604719647471372,0.9514848403038806,0.01958017237484455,-0.06697436422109604,0.051781293004751205,0.0038671493530273438,-0.0005095303058624268,0.012707114219665527
2025-10-18T13:44:30Z,0.6237796928857945,-0.03151495380964992,-0.00038947669242348463,0.5896629095077515,0.2758837640285492,-0.7590690851211548,-0.014936891537873852,0.30682265301663764,-0.0050204244608990384,0.9516363346722418,-0.0014403928071260452,-0.0577472560107708,0.0576251782476902,0.0057509541511535645,0.0025676488876342773,0.008995473384857178
2025-10-18T13:44:30Z,0.6229882161132926,-0.03090164320305534,0.0006839679613791195,0.5893751978874207,0.2752566337585449,-0.7595199942588806,-0.014811489961499604,0.30643954527917433,-0.004409709173950734,0.9517647079051216,-0.009632767178118229,-0.05344218760728836,0.052136875689029694,0.006633341312408447,0.0025207996368408203,0.007295429706573486
2025-10-18T13:44:30Z,0.6223142417892824,-0.03046637157420185,0.0016538987237825539,0.5891270041465759,0.27480390667915344,-0.7598764300346375,-0.014754270335973848,0.3061127605248108,-0.003876467532706511,0.9518731069592311,-0.011082210578024387,-0.04902789741754532,0.043186455965042114,0.0053032636642456055,0.0019157826900482178,0.004595577716827393
2025-10-18T13:44:30Z,0.6215185621822663,-0.030248638600127633,0.0024387622457597187,0.5887141227722168,0.27456656098365784,-0.7602820992469788,-0.014772151059084694,0.3057288688019958,-0.0034637171200813106,0.9519977573835897,-0.01243056170642376,-0.04712244123220444,0.03463960811495781,0.005478560924530029,0.004163205623626709,0.006685495376586914
2025-10-18T13:44:30Z,0.6208585522175852,-0.0301788441796023,0.003166190480890707,0.5883689522743225,0.27447330951690674,-0.7605829238891602,-0.014851150582634597,0.30540950381969706,-0.0031018904166332994,0.9521002983622849,-0.013665701262652874,-0.038835491985082626,0.028805987909436226,0.0056601762771606445,0.0030051767826080322,0.007058084011077881
2025-10-18T13:44:30Z,0.620324090062244,-0.030115272402972744,0.0038450246432457365,0.588108479976654,0.2743876576423645,-0.7608152627944946,-0.014925287686165549,0.30515021098865297,-0.0027650336086871077,0.9521832998039599,-0.008855415508151054,-0.03305865824222565,0.029446439817547798,0.004003643989562988,-0.0007789731025695801,0.0065757036209106445
2025-10-18T13:44:30Z,0.6198944774084197,-0.02981546500295576,0.004470395085143853,0.587954580783844,0.27407681941986084,-0.7610461711883545,-0.014878489966431685,0.30494199538032984,-0.002418352042437137,0.9522516599306596,0.0019457042217254639,-0.02292429655790329,0.03680096194148064,0.005107462406158447,-0.0019624531269073486,0.006020605564117432
2025-10-18T13:44:30Z,0.6196920088247274,-0.02927091691057217,0.005092013315912481,0.5880115628242493,0.2735307514667511,-0.7611985802650452,-0.014714207060042846,0.3048428502383115,-0.002037848011574205,0.9522868055825865,0.010697095654904842,-0.015355931594967842,0.04110587760806084,0.00428617000579834,0.0007986128330230713,0.0043427348136901855
2025-10-18T13:44:30Z,0.6195662435614494,-0.028657905261877278,0.005601201907945138,0.5881150960922241,0.2729228734970093,-0.7613368034362793,-0.014500049880320484,0.3047813761422302,-0.0017010301525992812,0.9523104526060088,0.012674040161073208,-0.00792121235281229,0.037520505487918854,0.005040466785430908,0.005907118320465088,0.0049860477447509766
2025-10-18T13:44:30Z,0.6196397071427571,-0.02807269089534735,0.005990850871733259,0.5883417129516602,0.2723459005355835,-0.7613683342933655,-0.014280730144010304,0.3048156250002718,-0.001426816914190948,0.9523032559223309,0.015327852219343185,-0.00149906100705266,0.025958752259612083,0.004848778247833252,0.007045239210128784,0.005809187889099121
2025-10-18T13:44:30Z,0.6198025060846698,-0.027565674259781816,0.006179829320690206,0.5885836482048035,0.27185142040252686,-0.7613580226898193,-0.01406801899341208,0.30489361651618235,-0.0012606859029956686,0.9522816680225823,0.0181280467659235,0.003616785164922476,0.014258135110139847,0.0046653151512146,0.004166245460510254,0.005302071571350098
2025-10-18T13:44:30Z,0.6200357989578128,-0.02708096523383124,0.006140218528013601,0.5888298153877258,0.2713867723941803,-0.7613334655761719,-0.013831054992016005,0.3050066763275129,-0.0012072470108011502,0.9522490682546355,0.022220874205231667,0.006243488751351833,0.006021748296916485,0.006947219371795654,0.0035718679428100586,0.004654586315155029
2025-10-18T13:44:30Z,0.6202558029876847,-0.02690494030780398,0.005929964352904711,0.5889829993247986,0.2712252140045166,-0.7612726092338562,-0.013715041814274754,0.30511348634838703,-0.0012820115773793613,0.9522164336999901,0.0170320812612772,0.005909525789320469,0.0006456747651100159,0.007020294666290283,0.0024233460426330566,0.0029262900352478027
2025-10-18T13:44:30Z,0.6204758486610618,-0.026729017142212496,0.0057196015818693985,0.5891361236572266,0.2710637152194977,-0.7612115740776062,-0.01359904393440284,0.30522029202092743,-0.0013568184336973962,0.952183757511179,0.011843287386000156,0.0055755628272891045,-0.004730398301035166,0.0070934295654296875,0.0012747347354888916,0.0011980533599853516
2025-10-18T13:44:30Z,0.6205778907061227,-0.026677216055356084,0.005489863275304843,0.5891759991645813,0.27102231979370117,-0.7611954808235168,-0.013539247301039538,0.30527060176188087,-0.0014589783481856746,0.9521683499772085,0.00935837347060442,0.00013970164582133293,-0.004886931739747524,0.006394743919372559,-0.004425346851348877,0.001821279525756836
2025-10-18T13:44:30Z,0.6206922842085493,-0.02652374372223512,0.0053870587968258095,0.5892666578292847,0.27087846398353577,-0.7611764669418335,-0.013450406678047888,0.30532626627976633,-0.001485260648582132,0.9521517200000231,0.009677448309957981,-0.001987560885027051,0.004917292855679989,0.007666110992431641,-0.005506277084350586,0.002153635025024414
2025-10-18T13:44:30Z,0.6207877062888341,-0.026304603747169697,0.005491652339885679,0.589394748210907,0.270663857460022,-0.7611536979675293,-0.01336198239462229,0.3053717177851406,-0.0014026415550187118,0.9521385180045093,0.005080802366137505,-0.003096451982855797,0.013274027965962887,0.0071485042572021484,-0.002638310194015503,0.002318441867828369
2025-10-18T13:44:30Z,0.6208704650130537,-0.026116508285321163,0.005780962548140764,0.5895452499389648,0.27047228813171387,-0.7611052393913269,-0.013316560111208854,0.3054098116377788,-0.0012367346069548878,0.9521271829295881,-0.002216113731265068,0.0007011862471699715,0.014974921010434628,0.00749129056930542,0.0011993348598480225,0.004355072975158691
2025-10-18T13:44:30Z,0.6211662771333019,-0.025946324513925607,0.005605709210661034,0.5897620916366577,0.270315021276474,-0.7609931230545044,-0.013208589744880352,0.30555235895903515,-0.0012961258230472837,0.9520828969549795,0.0029437365010380745,0.0036166892386972904,0.003413577564060688,0.007827579975128174,0.003492385149002075,0.003203451633453369
2025-10-18T13:44:30Z,0.6214619999029192,-0.025776157094440113,0.0054303857290184925,0.589978814125061,0.27015769481658936,-0.7608809471130371,-0.013100599709153333,0.3056948545456417,-0.0013555211460040593,0.9520385226629818,0.008103586733341217,0.006532192230224609,-0.008147765882313251,0.008163988590240479,0.005785435438156128,0.002051830291748047
2025-10-18T13:44:30Z,0.621757867529852,-0.025606059798984972,0.005255027025147755,0.5901955962181091,0.2700004577636719,-0.7607686519622803,-0.01299261938990014,0.3058373817308575,-0.0014149127036064118,0.9519941501495429,0.013263436034321785,0.009447694756090641,-0.019709110260009766,0.008500337600708008,0.008078426122665405,0.0009000301361083984
2025-10-18T13:44:30Z,0.6220537481717128,-0.025436011350453994,0.005079527052977981,0.5904123187065125,0.26984328031539917,-0.7606562376022339,-0.012884623259744486,0.3059798933817533,-0.0014743473873144615,0.9519497319225195,0.018423285335302353,0.012363197281956673,-0.031270451843738556,0.008836805820465088,0.010371387004852295,-0.0002518296241760254
2025-10-18T13:44:30Z,0.6222844383286165,-0.02557567170094239,0.004573048612901516,0.5904645919799805,0.26999613642692566,-0.7605614066123962,-0.012873410143338159,0.30609252885820587,-0.0017382741516498161,0.9519132001172811,0.014403829351067543,0.009814972057938576,-0.024526871740818024,0.008192241191864014,0.0062361061573028564,0.001595139503479004
2025-10-18T13:44:30Z,0.6225150896304438,-0.02571541083090291,0.004066590934986382,0.5905168056488037,0.27014899253845215,-0.7604665756225586,-0.012862176377858017,0.3062051544049294,-0.0020021997930007836,0.9518765806227827,0.010384373366832733,0.0072667477652430534,-0.01778329163789749,0.007547736167907715,0.0021007955074310303,0.0034421682357788086
2025-10-18T13:44:30Z,0.622745636655108,-0.02585522239297147,0.003560320691407676,0.5905689001083374,0.27030184864997864,-0.7603718042373657,-0.012850944611859686,0.3063177391496031,-0.002266043630514871,0.9518398776992343,0.006364917848259211,0.004718523472547531,-0.01103970967233181,0.006903350353240967,-0.002034425735473633,0.0052890777587890625
2025-10-18T13:44:30Z,0.6229110819719176,-0.025952964580226664,0.0033642350409146334,0.5906400680541992,0.2704029679298401,-0.7602805495262146,-0.012867232541191664,0.3063974614353001,-0.002375401211009182,0.9518137382665276,0.004828826058655977,0.0013551453594118357,0.0030885934829711914,0.006366133689880371,-0.0033601224422454834,0.006183803081512451
2025-10-18T13:44:30Z,0.6230371600700263,-0.025781213126750975,0.0036415021850299844,0.5908184051513672,0.27022770047187805,-0.7602042555809021,-0.012827833108800896,0.3064561655194123,-0.0022179407179331602,0.9517957473843426,0.0015305508859455585,0.002307905349880457,0.011730666272342205,0.006203293800354004,-0.0010582804679870605,0.00561898946762085
2025-10-18T13:44:30Z,0.6231632458722316,-0.025609449759562485,0.003918849216732069,0.5909967422485352,0.27005240321159363,-0.7601279616355896,-0.012788459947010555,0.306514886394102,-0.0020604351394011627,0.951777718605901,-0.0017677238211035728,0.003260665340349078,0.02037273719906807,0.006040394306182861,0.0012436211109161377,0.005054056644439697
2025-10-18T13:44:30Z,0.6233483516636191,-0.02539398586640837,0.004350935955723585,0.5912576913833618,0.2698293924331665,-0.7600042223930359,-0.012751976062660002,0.3066008431775625,-0.001822962971806209,0.9517510317186797,-0.0011151493526995182,0.0007357033900916576,0.01932952180504799,0.006539702415466309,0.0025523900985717773,0.005401432514190674
2025-10-18T13:44:30Z,0.6234407628266607,-0.025109563012297494,0.003797122687414336,0.5912621021270752,0.2695758044719696,-0.7600907683372498,-0.012531633701626478,0.306649149380365,-0.0020434790337722835,0.9517379335000752,0.013524338603019714,-0.004885571077466011,0.0001896880567073822,0.008157193660736084,0.003608107566833496,0.0023659467697143555
2025-10-18T13:44:30Z,0.6235333806818795,-0.02482515414970108,0.003243277392887549,0.5912666320800781,0.26932215690612793,-0.7601771354675293,-0.012311270691519258,0.3066974456534386,-0.0022639939727539084,0.9517247475922104,0.02816382609307766,-0.010506846010684967,-0.018950141966342926,0.009774506092071533,0.00466388463973999,-0.0006696581840515137
2025-10-18T13:44:30Z,0.6236261607026006,-0.024540801841958997,0.0026894069400654934,0.5912712812423706,0.2690684497356415,-0.7602633833885193,-0.012090908424636294,0.30674571158416036,-0.002484510717739965,0.9517114762959455,0.042803313583135605,-0.016128119081258774,-0.03808997571468353,0.011391818523406982,0.00571972131729126,-0.0037055015563964844
2025-10-18T13:44:30Z,0.6237191445164514,-0.024256576610370527,0.002135454047068066,0.5912759900093079,0.2688147723674774,-0.760349452495575,-0.011870571915320599,0.3067939744228058,-0.0027050677931157513,0.9516980797556736,0.0574427992105484,-0.02174939401447773,-0.05722980946302414,0.013008952140808105,0.006775557994842529,-0.0067414045333862305
2025-10-18T13:44:30Z,0.623119682998435,-0.023971908250894992,0.00047429510771837254,0.5905328392982483,0.2685999870300293,-0.7610026597976685,-0.011481326499163896,0.30651901941841025,-0.0034484170025037616,0.9517890464618646,0.06394484639167786,-0.033323708921670914,-0.0636388435959816,0.013306379318237305,0.005059719085693359,-0.0047318339347839355
2025-10-18T13:44:31Z,0.6225207360216588,-0.023686259823218776,-0.0011867018333208863,0.5897895693778992,0.26838353276252747,-0.7616550922393799,-0.01109207609620111,0.30624384334408006,-0.004191775771587865,0.9518792441501529,0.07044689357280731,-0.04489802569150925,-0.07004787772893906,0.01360386610031128,0.003345489501953125,-0.0027229785919189453
2025-10-18T13:44:31Z,0.6215485678727445,-0.023631156825802264,-0.0026631973870450184,0.5887619853019714,0.2683819532394409,-0.7624502778053284,-0.01084213682070373,0.30578927572858705,-0.004880790380900366,0.9520250076224805,0.05467626452445984,-0.05015147849917412,-0.06348948925733566,0.011069297790527344,0.001507103443145752,-0.00017493963241577148
2025-10-18T13:44:31Z,0.6205765509715259,-0.023574637466009754,-0.004139567774539073,0.587733805179596,0.26837849617004395,-0.7632443904876709,-0.010592208369302771,0.3053345025774797,-0.00556977142380319,0.9521700477904903,0.03890563175082207,-0.05540493130683899,-0.05693109706044197,0.008535265922546387,-0.0003294646739959717,0.0023720860481262207
2025-10-18T13:44:31Z,0.6196045553014642,-0.02351668047942112,-0.005615918065361301,0.5867047309875488,0.2683730721473694,-0.7640376091003418,-0.010342265214621775,0.30487947675782845,-0.006258765791756861,0.9523143171620388,0.023135000839829445,-0.06065838411450386,-0.05037270486354828,0.0060021281242370605,-0.0021640658378601074,0.004918217658996582
2025-10-18T13:44:31Z,0.6186524054001157,-0.023637519192375,-0.006539024547615081,0.5857729911804199,0.26852065324783325,-0.7647004127502441,-0.010262281873979316,0.304430779757332,-0.006711840230404625,0.952455643380818,0.008153648115694523,-0.05820504203438759,-0.03626953810453415,0.004892587661743164,-0.0063742995262146,0.006663262844085693
2025-10-18T13:44:31Z,0.617704237012501,-0.023907581405923695,-0.006997595337933868,0.5849136114120483,0.26879608631134033,-0.7652612924575806,-0.010324397963548095,0.30398150293260123,-0.00696642721763781,0.9525966561572984,-0.006989090703427792,-0.051432639360427856,-0.02058747038245201,0.004831671714782715,-0.00602954626083374,0.008753776550292969
2025-10-18T13:44:31Z,0.6169566000784897,-0.02428033217966815,-0.00682385972716575,0.5843181610107422,0.26914897561073303,-0.7655919790267944,-0.010530943508228951,0.3036244333416328,-0.006936382195725998,0.9527083838546885,-0.01624184101819992,-0.04775905981659889,-0.009252084419131279,0.004471421241760254,-0.005042701959609985,0.007068216800689697
2025-10-18T13:44:31Z,0.6162092154566245,-0.024653260701116304,-0.00665028979110705,0.5837226510047913,0.26950204372406006,-0.765921950340271,-0.010737525783208484,0.3032673817974994,-0.006906290129008049,0.9528199900459803,-0.025494590401649475,-0.04408547654747963,0.0020833034068346024,0.004111170768737793,-0.00405612587928772,0.0053820013999938965
2025-10-18T13:44:31Z,0.6155542864608524,-0.025026717778479483,-0.0061811524526377715,0.5832570791244507,0.2698456346988678,-0.7661556601524353,-0.01098879162113906,0.302952659595288,-0.006735804094938429,0.9529185067518792,-0.035583142191171646,-0.04117381200194359,0.00841355137526989,0.005380809307098389,-0.00011184811592102051,0.004164516925811768
2025-10-18T13:44:31Z,0.6149614872693911,-0.02554150533605138,-0.005545417325491909,0.5828505158424377,0.27031946182250977,-0.7662980556488037,-0.01133229987055196,0.3026663825191957,-0.006507502997451232,0.9530070599755697,-0.04486555978655815,-0.033006664365530014,0.005395122803747654,0.005523264408111572,0.00239679217338562,0.005045711994171143
2025-10-18T13:44:31Z,0.6144761245619933,-0.026202817721796078,-0.0049380187348576935,0.5824975371360779,0.2709350287914276,-0.7663490772247314,-0.011740875776075554,0.30243112437956693,-0.0063152831731912796,0.9530780943435134,-0.049570806324481964,-0.026096608489751816,0.0023713125847280025,0.004646420478820801,0.0010740458965301514,0.004317879676818848
2025-10-18T13:44:31Z,0.614041916389604,-0.02696702870420091,-0.004358727305367959,0.5821618437767029,0.2716503143310547,-0.7663509249687195,-0.01219399165563816,0.3022200408515004,-0.006152118552451106,0.9531404458184171,-0.050757911056280136,-0.021601304411888123,-0.0029075718484818935,0.0039664506912231445,0.0022058188915252686,0.0028396248817443848
2025-10-18T13:44:31Z,0.6137073114276209,-0.02788981984551299,-0.003805338414825086,0.5818722248077393,0.27251875400543213,-0.7662625312805176,-0.012718403323535049,0.30205611265927396,-0.006025680123244576,0.9531863668442697,-0.05494081601500511,-0.022834444418549538,-0.008336815051734447,0.0022043585777282715,0.0033988356590270996,0.0012328028678894043
2025-10-18T13:44:31Z,0.6133897826205646,-0.028968601334481023,-0.0032753342968848513,0.5815660357475281,0.27353760600090027,-0.7661319375038147,-0.01331353725878904,0.30189993434151263,-0.005933870690497256,0.9532282451658668,-0.06034719944000244,-0.018604636192321777,-0.015003149397671223,0.0022376179695129395,0.00427699089050293,0.003153383731842041
2025-10-18T13:44:31Z,0.6131913364371538,-0.030121763303551614,-0.002743325523450158,0.5813392996788025,0.2746275067329407,-0.7659140825271606,-0.01394404263847388,0.30179997157068,-0.005852968411715643,0.9532514272488611,-0.059432391077280045,-0.016095975413918495,-0.01526055857539177,0.002486288547515869,0.0032990872859954834,0.0026987195014953613
2025-10-18T13:44:31Z,0.6130060730602707,-0.03118701742006375,-0.0023270564436176405,0.5811126232147217,0.2756365239620209,-0.7657235860824585,-0.014515127803352724,0.3017068922349719,-0.005813946142105613,0.9532725865309275,-0.04955344274640083,-0.010979805141687393,-0.014886796474456787,0.002909719944000244,0.0032934248447418213,0.0020492076873779297
2025-10-18T13:44:31Z,0.6129882502912348,-0.031568944272069785,-0.0023804206226493915,0.581027626991272,0.27600526809692383,-0.7656552791595459,-0.014689171854896486,0.30169808983097135,-0.005896858293932126,0.9532722283813844,-0.03574993461370468,-0.009257855825126171,-0.013227874413132668,0.0028009414672851562,0.002012014389038086,0.002505064010620117
2025-10-18T13:44:31Z,0.612970440990843,-0.031950904781436314,-0.0024338668688191375,0.5809425711631775,0.2763739824295044,-0.7655868530273438,-0.014863220508160496,0.30168929328494853,-0.005979811271004089,0.9532718274472455,-0.02194642461836338,-0.007535906974226236,-0.011568952351808548,0.0026922225952148438,0.0007306039333343506,0.002960801124572754
2025-10-18T13:44:31Z,0.6129524637432511,-0.03233281249022047,-0.0024872554588055195,0.5808572173118591,0.2767425775527954,-0.7655184268951416,-0.01503725535000367,0.3016804404025557,-0.006062725570344877,0.953271297370472,-0.00814291462302208,-0.005813958123326302,-0.009910030290484428,0.0025836825370788574,-0.0005506277084350586,0.0034164786338806152
2025-10-18T13:44:31Z,0.6129346304582038,-0.03271471147539409,-0.002540650526173164,0.5807719826698303,0.2771112024784088,-0.7654497623443604,-0.015211284100548134,0.30167162296567024,-0.006145637331434118,0.9532708521068836,0.0056605953723192215,-0.004092009272426367,-0.008251108229160309,0.002475142478942871,-0.0018319189548492432,0.0038719773292541504
2025-10-18T13:44:31Z,0.612916759061968,-0.033096649405253836,-0.002594038835968553,0.580686628818512,0.27747976779937744,-0.7653809785842896,-0.015385334006939685,0.3016627965787311,-0.006228548597667473,0.9532703243838841,0.019464105367660522,-0.002370060421526432,-0.006592186633497477,0.0023667216300964355,-0.0031131505966186523,0.004327297210693359
2025-10-18T13:44:31Z,0.6128972652331427,-0.033019942135421546,-0.0029207163694023597,0.580618143081665,0.2774174213409424,-0.7654555439949036,-0.015299560736075272,0.30165615072018026,-0.006372537077214012,0.9532728615738894,0.03168642520904541,0.0025141225196421146,-0.0032559125684201717,0.003953456878662109,-0.0024527013301849365,0.004234492778778076
2025-10-18T13:44:31Z,0.6133639790722362,-0.03254483280633965,-0.00363665484041219,0.580906867980957,0.27698591351509094,-0.7653927206993103,-0.01496356807231517,0.30188483426288537,-0.0066456244006846904,0.9532038570948039,0.031735680997371674,0.00583799509331584,-0.007001899182796478,0.0037449002265930176,-0.0017668306827545166,0.0026224255561828613
2025-10-18T13:44:31Z,0.6138310997525805,-0.03207008383225346,-0.004352889067158109,0.5811957716941833,0.27655455470085144,-0.7653293609619141,-0.014627570800574847,0.30211347318517595,-0.006918754696915246,0.9531346379038924,0.031784940510988235,0.009161867201328278,-0.010747885331511497,0.0035361051559448242,-0.0010811686515808105,0.0010097622871398926
2025-10-18T13:44:31Z,0.6142986347510209,-0.03159570632752187,-0.005069238899017162,0.581484854221344,0.27612340450286865,-0.7652654647827148,-0.014291601285883495,0.30234206821334036,-0.007191843519698702,0.9530652100399241,0.0318341962993145,0.012485739775002003,-0.014493871480226517,0.00332719087600708,-0.0003956258296966553,-0.0006033778190612793
2025-10-18T13:44:31Z,0.6147664541829233,-0.031121634974881556,-0.005785916521688722,0.5817739367485046,0.2756923735141754,-0.7652010917663574,-0.01395559703411534,0.30257056563018314,-0.007464981381456848,0.9529955627565817,0.03188345581293106,0.015809612348675728,-0.018239857628941536,0.003118157386779785,0.00028970837593078613,-0.0022169947624206543
2025-10-18T13:44:31Z,0.6152346880247055,-0.030647935463610016,-0.006502710527150156,0.5820632576942444,0.2752615213394165,-0.765136182308197,-0.013619620539396134,0.3027990191528997,-0.007738077769767888,0.9529257068001824,0.031932711601257324,0.01913348399102688,-0.021985843777656555,0.002909064292907715,0.0009749531745910645,-0.003831148147583008
2025-10-18T13:44:31Z,0.6156879761251899,-0.030350319398859026,-0.00713324448328316,0.5823304653167725,0.2749967873096466,-0.7650280594825745,-0.013380537597313946,0.3030194457071161,-0.007996492016719443,0.9528568930522752,0.022293051704764366,0.011618603020906448,-0.01762305572628975,0.0033081769943237305,-0.00036916136741638184,-0.004973232746124268
2025-10-18T13:44:31Z,0.6158310219531173,-0.030189873433527623,-0.007584557697473178,0.5823745727539062,0.274857759475708,-0.7650444507598877,-0.013235129236022236,0.30309067513238874,-0.008188155628682643,0.9528346861067556,0.012188628315925598,0.0024269064888358116,-0.007986084558069706,0.004218697547912598,-0.0026416778564453125,-0.004498720169067383
2025-10-18T13:44:31Z,0.6157154809173944,-0.030128935886889172,-0.00750792259636763,0.5823112726211548,0.27479663491249084,-0.7651146054267883,-0.013218180654109025,0.3030351555219679,-0.008141650471872926,0.9528529624525496,0.0028739431872963905,-0.005037205759435892,0.0005431342869997025,0.004337668418884277,-0.0012385547161102295,-0.003246307373046875
2025-10-18T13:44:31Z,0.6155999796768333,-0.030068125621724385,-0.007431418193026823,0.5822479724884033,0.2747356593608856,-0.7651847004890442,-0.013201267272784542,0.30297965245407593,-0.008095228820785977,0.9528712414936273,-0.006440742872655392,-0.01250131893903017,0.009072354063391685,0.004456758499145508,0.00016444921493530273,-0.001994013786315918
2025-10-18T13:44:31Z,0.615396402576479,-0.030027348610325806,-0.007193918051820161,0.582146406173706,0.2746885120868683,-0.7652788758277893,-0.01321862908899288,0.3028811004389072,-0.00797455385056749,0.952903399986006,-0.005743881221860647,-0.011064637452363968,0.0065501052886247635,0.0043846964836120605,0.0012832581996917725,-0.0006520748138427734
2025-10-18T13:44:31Z,0.6151927961516852,-0.029986648613803155,-0.006956397123745533,0.5820448398590088,0.2746414244174957,-0.7653730511665344,-0.013236006712973765,0.3027825445768403,-0.007853877653246065,0.9529354754437582,-0.005047019571065903,-0.00962795503437519,0.0040278565138578415,0.004312574863433838,0.002402007579803467,0.0006899237632751465
2025-10-18T13:44:31Z,0.6149891597449049,-0.029945960554498063,-0.006718885817823942,0.5819432139396667,0.27459433674812317,-0.7654672265052795,-0.013253363924331851,0.3026839673224754,-0.0077332037567847435,0.9529675479725216,-0.004350157920271158,-0.008191272616386414,0.0015056079719215631,0.004240572452545166,0.003520756959915161,0.002031862735748291
2025-10-18T13:44:31Z,0.6147855570302687,-0.02990533366415912,-0.006481444502534076,0.5818415880203247,0.2745473086833954,-0.7655613422393799,-0.013270715041261311,0.3025854061323997,-0.007612569221074639,0.9529995765662591,-0.0036532962694764137,-0.006754590664058924,-0.0010166405700147152,0.004168510437011719,0.004639476537704468,0.0033738017082214355
2025-10-18T13:44:31Z,0.6147570290700215,-0.03010792910311414,-0.006477411267880939,0.5817884802818298,0.2747418284416199,-0.7655318975448608,-0.013367974059786462,0.3025716457433631,-0.007641098961641397,0.9530023276550933,-0.006135930307209492,-0.002778279595077038,-0.0067729945294559,0.003574669361114502,0.004082739353179932,0.0027711987495422363
2025-10-18T13:44:31Z,0.614728452549796,-0.030310497917772006,-0.006473399496567243,0.5817353129386902,0.27493634819984436,-0.7655025124549866,-0.013465218013763275,0.3025578588588729,-0.007669631735315543,0.9530050763901534,-0.00861856434494257,0.0011980310082435608,-0.012529348023235798,0.002980947494506836,0.003526031970977783,0.0021685361862182617
2025-10-18T13:44:31Z,0.6148589006472477,-0.030656636977939165,-0.006509600681822793,0.5817729234695435,0.27527013421058655,-0.7653539180755615,-0.013624177784263081,0.30261999916600696,-0.007740117514840309,0.9529825176092663,-0.011327050626277924,0.0048749721609056,-0.014520363882184029,0.001819908618927002,0.002593517303466797,0.0016831755638122559
2025-10-18T13:44:31Z,0.614987276206529,-0.0310774396246948,-0.0065387658221057405,0.5817984342575073,0.2756754159927368,-0.7651886343955994,-0.013819777530860918,0.3026810325445038,-0.007818552479363278,0.9529597080377069,-0.009518622420728207,0.003548257052898407,-0.008413284085690975,0.0024098753929138184,0.00016760826110839844,0.0010111331939697266
2025-10-18T13:44:31Z,0.6151156272518361,-0.03149825410538189,-0.006567967789806801,0.5818237662315369,0.2760806381702423,-0.7650232911109924,-0.014015366814630843,0.3027420452855248,-0.007897031302239172,0.9529368533277777,-0.007710194680839777,0.002221542177721858,-0.0023062042891979218,0.0030000805854797363,-0.00225830078125,0.0003389716148376465
2025-10-18T13:44:31Z,0.6152915845875979,-0.03164232239235629,-0.006430760546627314,0.5819630026817322,0.2762143909931183,-0.7648690342903137,-0.014104091106411283,0.3028247946699947,-0.007854697867896162,0.9529096087831108,-0.0030257897451519966,-0.00012169545516371727,0.007285081781446934,0.002261519432067871,-0.0038000643253326416,-0.0005249977111816406
2025-10-18T13:44:31Z,0.6153333171870248,-0.03159014685312331,-0.0062578721351041955,0.5820380449295044,0.2761584520339966,-0.7648321986198425,-0.01410524616751617,0.3028434992534299,-0.007764720762039811,0.9529044094198922,0.00065571628510952,-0.002295464277267456,0.011867444030940533,0.0021579861640930176,-0.0022678375244140625,-0.0011067986488342285
2025-10-18T13:44:31Z,0.6151680344736339,-0.03152041810202073,-0.006091438168264657,0.5819562673568726,0.27608585357666016,-0.7649206519126892,-0.014097858567774216,0.30276363873850376,-0.007673702630829679,0.952930635561393,-0.0003542524063959718,-0.007982227951288223,0.007025822997093201,0.004061758518218994,0.002079576253890991,0.001659095287322998
2025-10-18T13:44:31Z,0.6151683566256283,-0.03146921432362005,-0.005964698767896394,0.581990122795105,0.27603235840797424,-0.7649141550064087,-0.014092646461292511,0.30276296474221465,-0.007605570061344272,0.9529314000758705,-0.0030162837356328964,0.0024564173072576523,-0.0006430866196751595,0.006283164024353027,0.004658371210098267,0.0021033287048339844
2025-10-18T13:44:31Z,0.61529813232362,-0.03151937205477209,-0.005948415935228206,0.5820847153663635,0.2760799825191498,-0.7648249864578247,-0.014118516673675236,0.30282462633835516,-0.00760631817411573,0.9529114526964447,-0.005067680962383747,0.002970422152429819,-0.005505804438143969,0.005478918552398682,0.0045708417892456055,-0.002258896827697754
2025-10-18T13:44:31Z,0.6153535872252702,-0.031668064536817225,-0.005996551168140619,0.5820937156677246,0.2762244641780853,-0.7647659778594971,-0.014181863500287077,0.3028512399017188,-0.007652152588202137,0.9529017066054786,-0.0069689503870904446,-1.5937257558107376e-06,-0.01326271053403616,0.005916416645050049,0.004436880350112915,-0.0027779340744018555
2025-10-18T13:44:31Z,0.615361315457125,-0.032020172956853506,-0.006146736139960081,0.5820132493972778,0.2765676975250244,-0.7647031545639038,-0.014326858967669168,0.30285565832115435,-0.007777065987963435,0.9528970987772716,-0.008929271250963211,-0.0025451451074332,-0.0190112367272377,0.005584836006164551,0.0038180649280548096,-0.0011594891548156738
2025-10-18T13:44:31Z,0.6153434456826515,-0.032501912988269786,-0.00636044451498779,0.5818795561790466,0.27703753113746643,-0.7646347880363464,-0.014524099885832094,0.3028482325998266,-0.007951683180987839,0.9528950072106106,-0.010490657761693,-0.0047308895736932755,-0.021008457988500595,0.004347860813140869,0.0009599626064300537,0.0006341338157653809
2025-10-18T13:44:31Z,0.6152679507987581,-0.03292721285294983,-0.0066118216051196405,0.5817031860351562,0.2774543762207031,-0.7646178603172302,-0.014688982225891123,0.3028137152151889,-0.008135276529870004,0.9529018474394086,-0.008513602428138256,-0.004899139050394297,-0.022471033036708832,0.003837406635284424,-0.00042814016342163086,0.00221097469329834
2025-10-18T13:44:31Z,0.6151639056844406,-0.03332441734708523,-0.0068819828650912235,0.5815055966377258,0.2778448164463043,-0.7646263241767883,-0.014837765829488822,0.30276578510429286,-0.008323341811469086,0.9529131235298851,-0.0050640045665204525,-0.004165413323789835,-0.01940728724002838,0.00273209810256958,-0.0024968385696411133,0.0014407634735107422
2025-10-18T13:44:32Z,0.6150821501794826,-0.033568808265567594,-0.0071226504378737576,0.5813554525375366,0.2780875265598297,-0.7646523118019104,-0.014918124825313395,0.3027284068171028,-0.008474382209994035,0.952922432212266,-0.0010952078737318516,-0.006709541194140911,-0.010364655405282974,0.0024302005767822266,-0.0034422874450683594,-0.0003884434700012207
2025-10-18T13:44:32Z,0.6149104356830506,-0.03364624967918712,-0.007210664563344158,0.5811939835548401,0.278164803981781,-0.764746904373169,-0.01494243407832727,0.3026471851095482,-0.008526752205455911,0.9529473733678242,-0.0005718269385397434,-0.01138574443757534,-0.0026604593731462955,0.002863287925720215,-0.0022598206996917725,-0.0007707476615905762
2025-10-18T13:44:32Z,0.6146897639522828,-0.03370179585569579,-0.0071412055409364825,0.5810302495956421,0.27821579575538635,-0.76485276222229,-0.014980350044116793,0.302541470216453,-0.00850040605016615,0.9529805923832639,-0.005330515559762716,-0.013933650217950344,0.001961651723831892,0.0036625266075134277,-1.7583370208740234e-05,-0.00043255090713500977
2025-10-18T13:44:32Z,0.6144682998565751,-0.03379199246098444,-0.006928726231320551,0.5808892250061035,0.27829524874687195,-0.7649310231208801,-0.015056402752364766,0.30243426817291363,-0.008411133496797323,0.9530142133082525,-0.01424422301352024,-0.01155280414968729,0.0036877423990517855,0.0034320950508117676,0.001983076333999634,0.0008395910263061523
2025-10-18T13:44:32Z,0.6142939336542548,-0.033990695667718465,-0.0066254940955381425,0.5807850360870361,0.2784757912158966,-0.7649444341659546,-0.015197666486141532,0.3023486947713939,-0.008295352383695456,0.9530401542316317,-0.022085655480623245,-0.010038251988589764,0.003653255756944418,0.0025156140327453613,0.001985877752304077,0.0009468197822570801
2025-10-18T13:44:32Z,0.614103064368594,-0.0344456223654053,-0.006313047683467013,0.5806288719177246,0.2789018750190735,-0.764907717704773,-0.015462473221034048,0.3022548733427014,-0.008213739115415519,0.953066348739413,-0.02555832453072071,-0.011757283471524715,-0.0017112335190176964,0.0027385354042053223,0.0031318962574005127,0.0022437572479248047
2025-10-18T13:44:32Z,0.6139123026583324,-0.03490056566250302,-0.006000526971763652,0.5804727673530579,0.2793278992176056,-0.7648707032203674,-0.01572728195540815,0.30216101111195903,-0.00813204404329881,0.9530924598181445,-0.029030995443463326,-0.013476314954459667,-0.007075722794979811,0.002961277961730957,0.004278004169464111,0.003540515899658203
2025-10-18T13:44:32Z,0.6137674777412312,-0.03548000665107356,-0.005761493168195077,0.5803169012069702,0.27987581491470337,-0.7647887468338013,-0.016040120244884347,0.30208935327920267,-0.008104484380522158,0.9531102596017813,-0.029124965891242027,-0.00942216720432043,-0.008854675106704235,0.0033277273178100586,0.002388864755630493,0.0039223432540893555
2025-10-18T13:44:32Z,0.613622703951635,-0.03605955792790255,-0.005522522442277289,0.5801607966423035,0.28042370080947876,-0.7647064328193665,-0.016352996477655073,0.3020176408445734,-0.008076928225635719,0.953127893263252,-0.02921893633902073,-0.005368019919842482,-0.010633626952767372,0.0036943554878234863,0.0004997551441192627,0.004303991794586182
2025-10-18T13:44:32Z,0.6135321759647174,-0.03664060653227415,-0.0053011607123028175,0.58004230260849,0.28097352385520935,-0.764594554901123,-0.016663703406590326,0.30197182478343815,-0.008058396954457304,0.9531371897819604,-0.02594761922955513,-0.002836712868884206,0.0013101855292916298,0.0025504231452941895,-0.004239469766616821,0.0005252957344055176
2025-10-18T13:44:32Z,0.6135654220047632,-0.03697538876519923,-0.004846653850029646,0.5801051259040833,0.2812790870666504,-0.7644344568252563,-0.016891747371111578,0.3019833350310445,-0.00789260667465982,0.9531308967274928,-0.02309238910675049,-0.0004417204763740301,0.010539980605244637,0.0065427422523498535,0.0007144510746002197,0.003148794174194336
2025-10-18T13:44:32Z,0.613820653328394,-0.037184751396646086,-0.004310327026899269,0.5803743600845337,0.28146156668663025,-0.7641629576683044,-0.017071525947851125,0.3021000446298002,-0.007670793014610479,0.9530925648603448,-0.015368964523077011,0.013732543215155602,0.022614123299717903,0.0060759782791137695,-0.0008845329284667969,0.0033080577850341797
2025-10-18T13:44:32Z,0.6140375042502267,-0.03718055751573074,-0.003737616027711496,0.5806561708450317,0.28143787384033203,-0.7639575600624084,-0.017155232753913688,0.3021984952163503,-0.007399096603648141,0.9530619751808327,-0.015360226854681969,0.00795175600796938,0.017341602593660355,0.006221652030944824,0.003884226083755493,0.0013033747673034668
2025-10-18T13:44:32Z,0.6142543193100904,-0.0371761863182971,-0.003164930261225764,0.5809378027915955,0.2814139425754547,-0.7637522220611572,-0.017238909194428824,0.3022969042745619,-0.007127402835055908,0.9530312960335016,-0.015351490117609501,0.00217096833512187,0.012069083750247955,0.00636744499206543,0.008653193712234497,-0.0007012486457824707
2025-10-18T13:44:32Z,0.6143560911494317,-0.037295352350911415,-0.0028775793074755883,0.5810540914535522,0.28151828050613403,-0.7636252641677856,-0.017338770004492306,0.3023426573387452,-0.007009365805574797,0.95301588354714,-0.010466237552464008,-0.000552748329937458,-0.0010894890874624252,0.007525384426116943,0.011956274509429932,0.00033801794052124023
2025-10-18T13:44:32Z,0.6143889557294605,-0.03762930321192503,-0.0028577593018455708,0.581028938293457,0.2818378210067749,-0.7635265588760376,-0.017500783258055812,0.3023574313603249,-0.007050684453537594,0.9530079132653164,-0.012560407631099224,-0.009928356856107712,-0.019825706258416176,0.005963742733001709,0.01434236764907837,0.001856386661529541
2025-10-18T13:44:32Z,0.6141960760577792,-0.03815074975187981,-0.003165290387040695,0.5807349681854248,0.2823483943939209,-0.7635616064071655,-0.017703467738784763,0.3022671114120473,-0.0072743342325159695,0.9530311327819339,-0.011102178134024143,-0.015261391177773476,-0.03379802033305168,0.0031505823135375977,0.007643759250640869,0.00263214111328125
2025-10-18T13:44:32Z,0.6138874505597804,-0.03879652109318339,-0.003651501681025483,0.5802961587905884,0.2829841673374176,-0.7636598348617554,-0.017938883158677185,0.3021230287115136,-0.007600830796373755,0.9530698461282983,-0.004143662750720978,-0.017315402626991272,-0.03348445147275925,0.0018219947814941406,0.002104640007019043,0.002419114112854004
2025-10-18T13:44:32Z,0.6135862519298971,-0.03932162583330933,-0.004083904432894895,0.5798932909965515,0.2835023105144501,-0.7637736201286316,-0.01812498685601138,0.3019823298318433,-0.007883460288162171,0.9531086108391513,0.001198055688291788,-0.015584164299070835,-0.02329419180750847,0.0013377666473388672,0.0004571080207824707,0.002569735050201416
2025-10-18T13:44:32Z,0.6134059183608151,-0.03960186300569617,-0.004501407388120531,0.5796256065368652,0.2837851643562317,-0.7638717889785767,-0.01819623070622843,0.3018996226352678,-0.008123083464594446,0.9531314862777962,0.0038872144650667906,-0.014694197103381157,-0.018108755350112915,0.00022095441818237305,7.212162017822266e-05,0.0013758540153503418
2025-10-18T13:44:32Z,0.6131801156448108,-0.03978960744808537,-0.0048301671090960965,0.5793561935424805,0.28397631645202637,-0.764005184173584,-0.0182370170986471,0.30179465017116214,-0.008306031570350031,0.9531623804097079,0.004822693765163422,-0.008630573749542236,-0.012963693588972092,9.685754776000977e-05,0.0007494091987609863,0.0020383596420288086
2025-10-18T13:44:32Z,0.6133292914274711,-0.03988037965613289,-0.0050171891069673786,0.5794175863265991,0.284069687128067,-0.7639238834381104,-0.018251430314765813,0.3018672838132345,-0.008410217118062694,0.9531381882136141,0.004237968008965254,0.001301419921219349,-0.009161056950688362,0.00041472911834716797,0.00014346837997436523,0.0027184486389160156
2025-10-18T13:44:32Z,0.6133740699284728,-0.04003172406154065,-0.005134886737146239,0.579403281211853,0.2842186987400055,-0.7638792991638184,-0.01830560418387986,0.30188942969265453,-0.008489553906276438,0.953129416746826,-0.004635525401681662,0.009958245791494846,-0.008179626427590847,0.0005310177803039551,-0.0005439221858978271,0.0020530223846435547
2025-10-18T13:44:32Z,0.6136802339842823,-0.0402099876224586,-0.0050710010868829656,0.5796208381652832,0.2843873202800751,-0.763651430606842,-0.018398904612002234,0.3020344183512105,-0.008488823720045965,0.953081714054083,-0.01200130209326744,0.010514617897570133,-0.0015577315352857113,0.0011734962463378906,0.0018192529678344727,-0.001621246337890625
2025-10-18T13:44:32Z,0.6137945152916146,-0.040587406931615694,-0.004709922317748509,0.5797190070152283,0.2847365736961365,-0.7634467482566833,-0.018632816194095323,0.30208482736233483,-0.008374798847747535,0.9530621840602276,-0.019693339243531227,0.003625080920755863,0.006945319008082151,0.0030289888381958008,0.00064849853515625,-0.0022186636924743652
2025-10-18T13:44:32Z,0.6139089468243621,-0.040964859473463844,-0.00434885488790181,0.5798172354698181,0.2850857973098755,-0.7632417678833008,-0.01886675353375571,0.302135233281383,-0.008260814305838885,0.9530425288223652,-0.027385376393795013,-0.003264456056058407,0.015448369085788727,0.0048844218254089355,-0.0005221366882324219,-0.002816319465637207
2025-10-18T13:44:32Z,0.6136475275452544,-0.040147425020607384,-0.00352508919712335,0.5799177289009094,0.2842744290828705,-0.7634680271148682,-0.018602670671649044,0.30200466123507214,-0.007742381749869218,0.9530935293835966,-0.008204512298107147,-0.010302199050784111,0.029239948838949203,0.004564046859741211,0.0004507601261138916,-0.0028172731399536133
2025-10-18T13:44:32Z,0.613385386029632,-0.03933023534533329,-0.002701140325455848,0.5800172090530396,0.28346288204193115,-0.763694167137146,-0.01833859589406294,0.301873974178767,-0.007223953726319751,0.9531441042061708,0.010976351797580719,-0.01733994297683239,0.04303152859210968,0.004244744777679443,0.0014238059520721436,-0.002818286418914795
2025-10-18T13:44:32Z,0.6131225319975121,-0.03851321600411953,-0.0018770391570731564,0.5801156759262085,0.2826511561870575,-0.7639201879501343,-0.018074487632527465,0.3017431596702238,-0.006705533030906317,0.9531943328205105,0.030157215893268585,-0.02437768504023552,0.056823112070560455,0.003926336765289307,0.0023970603942871094,-0.002819359302520752
2025-10-18T13:44:32Z,0.6128591151788264,-0.03769641680368022,-0.0010527622319710152,0.5802132487297058,0.2818393111228943,-0.764146089553833,-0.017810370904515718,0.30161226434093635,-0.006187116289011706,0.9532443041192198,0.04933807998895645,-0.0314154289662838,0.07061469554901123,0.003608882427215576,0.0033704638481140137,-0.002820730209350586
2025-10-18T13:44:32Z,0.6122238109813664,-0.036131723519689934,-0.0005249564185319675,0.5800868272781372,0.2803201675415039,-0.7648005485534668,-0.017146000465331785,0.3013089034952317,-0.005694150602266498,0.9533554452186911,0.048956841230392456,-0.037485718727111816,0.05483870208263397,0.003735959529876709,0.006997913122177124,-0.0009648799896240234
2025-10-18T13:44:32Z,0.6117811848468392,-0.035139381590852094,-0.0003758530556598934,0.5799378156661987,0.27936282753944397,-0.7652636766433716,-0.016696644498780687,0.30109921123619815,-0.005469884406353474,0.9534309344022103,0.034532997757196426,-0.03080839477479458,0.0316527783870697,0.002078711986541748,0.006838619709014893,0.0010480284690856934
2025-10-18T13:44:32Z,0.6113385032894374,-0.03414701845315168,-0.0002261824815772415,0.5797880291938782,0.27840524911880493,-0.7657260298728943,-0.01624726016616371,0.3008894366467763,-0.005245539048973732,0.9535062506888607,0.020109158009290695,-0.02413107082247734,0.008466852828860283,0.0004222393035888672,0.006679564714431763,0.0030602216720581055
2025-10-18T13:44:32Z,0.6108690678818958,-0.033983301587658096,-0.0003716940238840477,0.5794252753257751,0.2782532274723053,-0.7660558223724365,-0.016148557549498038,0.3006672150775559,-0.005286492267348262,0.9535777742413792,0.0062853023409843445,-0.0227790717035532,-0.009164391085505486,0.004420936107635498,0.00019747018814086914,0.0021242499351501465
2025-10-18T13:44:32Z,0.6103746758269097,-0.03419662938046695,-0.0006874225216120845,0.5789486765861511,0.278469055891037,-0.7663376331329346,-0.016204157152914383,0.30043352828182746,-0.0054650924937027215,0.953649438874827,-0.0012002675794064999,-0.015185326337814331,-0.012937921099364758,0.0027579665184020996,-0.006931602954864502,0.00203782320022583
2025-10-18T13:44:32Z,0.6101356407948293,-0.034564944033985745,-0.0006658069403379515,0.5787110328674316,0.27882179617881775,-0.7663888335227966,-0.016383684334953515,0.30031847759375707,-0.005508152267123863,0.9536823750900356,-0.00830486137419939,-0.017438946291804314,-0.01040757354348898,0.0013186931610107422,-0.007485717535018921,-0.0011744499206542969
2025-10-18T13:44:32Z,0.6098967287423307,-0.034933359068773595,-0.0006442335904624795,0.5784734487533569,0.2791745960712433,-0.7664398550987244,-0.016563262801936353,0.3002034709465398,-0.005551205479474634,0.9537152335533803,-0.015409456565976143,-0.019692568108439445,-0.007877225987613201,-0.00012063980102539062,-0.008039891719818115,-0.004387021064758301
2025-10-18T13:44:32Z,0.6091996119864533,-0.03527995339198982,-0.0003940713820688127,0.5779341459274292,0.2794983685016632,-0.7667286396026611,-0.01676799892554417,0.2998680670106393,-0.005478091837955711,0.9538176167825602,-0.024107834324240685,-0.048131972551345825,0.005810711532831192,0.002236008644104004,-0.0072602927684783936,-0.0007875561714172363
2025-10-18T13:44:32Z,0.6085020659690551,-0.035506623925143734,0.00012986024294447655,0.5774688124656677,0.27969738841056824,-0.7670065760612488,-0.016956489001202352,0.2995303726359626,-0.005256295816667773,0.9539216299428666,-0.027322586625814438,-0.02722044289112091,0.019158266484737396,0.005259990692138672,-0.009095311164855957,0.007111549377441406
2025-10-18T13:44:32Z,0.6080714694722128,-0.03563678965449355,0.0008930153100025185,0.5772719979286194,0.27979522943496704,-0.7671190500259399,-0.01713392239888258,0.29931811708057815,-0.004908106204818596,0.953986954965061,-0.037441905587911606,-0.020114831626415253,0.03297146409749985,0.004106044769287109,-0.004589647054672241,-0.002913534641265869
2025-10-18T13:44:32Z,0.6077522450424816,-0.03582169799906476,0.0019682836878714663,0.5772149562835693,0.279934287071228,-0.7671112418174744,-0.017383748577403248,0.29915600971086537,-0.0044201104432828224,0.954035664571804,-0.04627041146159172,-0.02134736441075802,0.02794528938829899,0.0038205385208129883,0.003226637840270996,-0.0014991164207458496
2025-10-18T13:44:32Z,0.607264879740365,-0.03627805447028419,0.002858399912712889,0.5769481062889099,0.2803400754928589,-0.7671638131141663,-0.01773556543100628,0.2989142178055484,-0.00405945755219445,0.9541065491589389,-0.05273213982582092,-0.022022750228643417,0.013852521777153015,0.004478752613067627,0.005084425210952759,-0.0002848505973815918
2025-10-18T13:44:32Z,0.6069683799529275,-0.03691703251243404,0.0036868924461852643,0.5767859220504761,0.2809230387210846,-0.7670724987983704,-0.018164765030253206,0.2987630879517517,-0.0037570470040596297,0.9541470422106059,-0.05040883272886276,-0.019786294549703598,0.008868670091032982,0.0017990469932556152,0.001414656639099121,0.00035136938095092773
2025-10-18T13:44:32Z,0.6067399594523946,-0.037412165949707976,0.004535013808951718,0.576702892780304,0.28136706352233887,-0.7669721841812134,-0.01852805682056562,0.2986444710277138,-0.0034242958289142007,0.9541784500455074,-0.04214107245206833,-0.012755615636706352,0.011177068576216698,0.006677508354187012,-0.0005860030651092529,0.013933658599853516
2025-10-18T13:44:32Z,0.6068173477245034,-0.037898257871719805,0.005102043875641353,0.5767989158630371,0.281812459230423,-0.7667364478111267,-0.018844503143318293,0.2986741650880849,-0.003227105856786347,0.9541636593660274,-0.02382555976510048,0.024489430710673332,0.012045069597661495,0.005425572395324707,-0.0039393603801727295,0.017445504665374756
2025-10-18T13:44:32Z,0.6075363043172229,-0.038019194095797904,0.005471981560759651,0.5774053335189819,0.2819148600101471,-0.7662422060966492,-0.018956338553832018,0.29901315629821745,-0.0030754959462165176,0.9540557623094591,-0.0013117864727973938,0.03722524642944336,0.009483067318797112,-0.003486335277557373,0.0007541179656982422,0.004475831985473633
2025-10-18T13:44:32Z,0.6082880657031882,-0.037833489399318354,0.005546284388437577,0.5780261158943176,0.2817341089248657,-0.7658405303955078,-0.018877729848152693,0.29937180924280327,-0.0030193737415049183,0.9539450436230402,0.013488627038896084,0.03671104833483696,0.007286696694791317,-0.0035741329193115234,0.004498779773712158,0.00045871734619140625
2025-10-18T13:44:32Z,0.6090893673322715,-0.03760739557650654,0.00525286714769751,0.5786167979240417,0.2815280556678772,-0.7654701471328735,-0.018724718399997523,0.29975767458315095,-0.0031329739838024694,0.9538265050774456,0.013890835456550121,0.031054530292749405,-0.008976097218692303,-0.0009631514549255371,0.00865626335144043,-0.003306150436401367
2025-10-18T13:44:32Z,0.6098907821592688,-0.03738152857816972,0.00495918330767944,0.579207181930542,0.2813222110271454,-0.7650992274284363,-0.018571686299638793,0.30014351061255123,-0.003246615002118283,0.9537077500943799,0.014293043874204159,0.025398014113307,-0.02523888647556305,0.0016480684280395508,0.012813568115234375,-0.0070716142654418945
2025-10-18T13:44:32Z,0.6103033565809859,-0.0376049193209554,0.004255055153760261,0.579344630241394,0.28156206011772156,-0.7649068832397461,-0.018571790704428263,0.3003459026881952,-0.003619745852021279,0.9536426992960161,0.006004569120705128,0.014024755917489529,-0.03746446967124939,0.0016629695892333984,0.007322579622268677,-0.006911754608154297
2025-10-18T13:44:33Z,0.6103816193740244,-0.038085208091844916,0.0034976925039135413,0.5791741013526917,0.2820500135421753,-0.7648562788963318,-0.01868690161602819,0.3003884641941082,-0.00405374643269408,0.9536253031657215,0.00045627448707818985,0.009063508361577988,-0.04226330295205116,0.003456413745880127,0.0014142394065856934,-0.00756990909576416
2025-10-18T13:44:33Z,0.6102904277931267,-0.03867023506801076,0.002832168447767268,0.5788753032684326,0.2826348543167114,-0.7648665904998779,-0.018866088692016583,0.30034910900550876,-0.004458100966879154,0.9536323411060298,-0.0038725538179278374,-0.01088172011077404,-0.03403390198945999,0.003206491470336914,-0.0017452239990234375,-0.0033249855041503906
2025-10-18T13:44:33Z,0.6101783969384,-0.03917754173328223,0.002559263065427534,0.5786523222923279,0.2831309139728546,-0.7648518681526184,-0.019067254064407985,0.30029647364397,-0.004663355841939797,0.9536439178421684,-0.013441872783005238,-0.007198263891041279,-0.021633539348840714,0.0017401576042175293,-0.0015645921230316162,-0.002360224723815918
2025-10-18T13:44:33Z,0.6100663538898116,-0.039684814588592604,0.0022864731599636853,0.5784291625022888,0.28362688422203064,-0.7648369073867798,-0.019268441105679636,0.300243849215031,-0.004868524806298807,0.9536554994666463,-0.023011190816760063,-0.003514807904139161,-0.00923317763954401,0.0002740025520324707,-0.0013838708400726318,-0.0013957023620605469
2025-10-18T13:44:33Z,0.6098816065643393,-0.040264267243970905,0.0025880470316774883,0.5782545804977417,0.28417128324508667,-0.7647668719291687,-0.019590451380126515,0.30015073963736727,-0.0048099173476026675,0.9536785912065064,-0.03958369791507721,-0.010256246663630009,0.0007637841627001762,0.0017801523208618164,0.0005481541156768799,-0.0003451704978942871
2025-10-18T13:44:33Z,0.6097640285380892,-0.04066362296056903,0.003266542352872989,0.5782366394996643,0.284529447555542,-0.7646472454071045,-0.019882966975704193,0.3000864812086341,-0.004545159249696221,0.9536940794646064,-0.030817899852991104,-0.005937153939157724,0.01444854773581028,0.002026379108428955,-0.002570033073425293,0.000826418399810791
2025-10-18T13:44:33Z,0.6096465742250887,-0.04106299871596369,0.003945149156723512,0.5782187581062317,0.284887433052063,-0.764527440071106,-0.020175475361063025,0.30002213149945883,-0.004280321495467019,0.9537093123664262,-0.022052103653550148,-0.0016180602833628654,0.02813331037759781,0.002272486686706543,-0.00568804144859314,0.001997828483581543
2025-10-18T13:44:33Z,0.6096242122180843,-0.04073759037517763,0.004695037149514352,0.5784062147140503,0.28454846143722534,-0.7645119428634644,-0.020132840027504158,0.30000523910048454,-0.0038736795567722335,0.9537172909472657,-0.010827082209289074,-0.0007200550171546638,0.03486621379852295,0.002223968505859375,-0.0007504820823669434,0.0024635791778564453
2025-10-18T13:44:33Z,0.6096015489499429,-0.04041215107926876,0.00544489629600782,0.5785933136940002,0.284209281206131,-0.7644965052604675,-0.02009017507162199,0.29998827483082013,-0.0034670420664517747,0.9537250946718859,0.0003979392349720001,0.00017795024905353785,0.04159912094473839,0.002175748348236084,0.004187256097793579,0.0029294490814208984
2025-10-18T13:44:33Z,0.6096875946266085,-0.03995539354418781,0.006050667540740396,0.5788556933403015,0.28374943137168884,-0.7644687294960022,-0.01996309920080631,0.30002523893268024,-0.003110494656627601,0.9537173858459437,0.0008220234303735197,0.004458670038729906,0.026754751801490784,0.0018866658210754395,0.012695610523223877,-0.00012767314910888672
2025-10-18T13:44:33Z,0.6098629590642884,-0.039728656706426925,0.006450490829465996,0.5791072845458984,0.28351739048957825,-0.7643642425537109,-0.019914707757676224,0.30010590198807263,-0.002887555315293674,0.9536936757310782,-0.007984545081853867,-0.0025247354060411453,0.007708169519901276,0.0012709498405456543,0.01279371976852417,-0.004179239273071289
2025-10-18T13:44:33Z,0.6096569980916684,-0.039900689753492154,0.006571008888693327,0.5789462327957153,0.2836778163909912,-0.7644267082214355,-0.020015115808442407,0.3000057048934814,-0.002853850188978124,0.9537231977789308,-0.012593522667884827,-0.006999147590249777,-0.0028823651373386383,0.002074122428894043,0.011665523052215576,-0.0016954541206359863
2025-10-18T13:44:33Z,0.6095972648084854,-0.04045888577966538,0.006559729092122037,0.578807532787323,0.28421303629875183,-0.7643328905105591,-0.020279682811128723,0.29997478606680095,-0.00294238965529345,0.9537270288112578,-0.013942677527666092,-0.001066138967871666,-0.010730289854109287,0.0029085278511047363,0.009058207273483276,0.0010980963706970215
2025-10-18T13:44:33Z,0.6095375656776287,-0.04101702352320578,0.00654866189641631,0.5786687731742859,0.2847481071949005,-0.7642388343811035,-0.02054425692805025,0.2999438521787021,-0.0030308027271716384,0.9537308209776896,-0.015291832387447357,0.004866869654506445,-0.018578214570879936,0.0037429332733154297,0.006451070308685303,0.0038914084434509277
2025-10-18T13:44:33Z,0.6095999753884017,-0.04168325157582903,0.006371738995614503,0.5785719752311707,0.28539273142814636,-0.7640715837478638,-0.020835310023954605,0.29997235273819084,-0.0032157788797464665,0.9537149275996792,-0.01794237270951271,0.0070214164443314075,-0.01856837049126625,0.0015732049942016602,0.002821415662765503,0.001818537712097168
2025-10-18T13:44:33Z,0.609879334118101,-0.04223192015644033,0.006268099357565833,0.5786747336387634,0.28592199087142944,-0.7637959122657776,-0.021080922967992303,0.3001040976645652,-0.0033504719943798474,0.9536676098695587,-0.014562315307557583,0.011057568714022636,-0.013920659199357033,-0.000560462474822998,0.0013031363487243652,-0.0012385249137878418
2025-10-18T13:44:33Z,0.6100195264798804,-0.04265861497394233,0.006256724905419118,0.5787095427513123,0.2863309681415558,-0.7636162638664246,-0.021282428843322362,0.30016905454858095,-0.00342143987711314,0.9536425012492995,-0.01172175444662571,0.00350395031273365,-0.012503543868660927,-0.001086592674255371,0.0028939247131347656,-0.0009628534317016602
2025-10-18T13:44:33Z,0.6101596262956603,-0.043085286767276715,0.00624531163846228,0.5787441730499268,0.28673985600471497,-0.7634366154670715,-0.021483908954825288,0.30023397576223604,-0.0034924512274620858,0.9536172603766255,-0.008881192654371262,-0.004049668554216623,-0.01108642853796482,-0.001612544059753418,0.0044848620891571045,-0.0006871819496154785
2025-10-18T13:44:33Z,0.6100477318582987,-0.04339724446069892,0.006204397354283297,0.578599214553833,0.28704002499580383,-0.7634336948394775,-0.021626702979440908,0.3001795797363288,-0.003557599055331173,0.9536309529376813,-0.003940965980291367,4.929210990667343e-05,-0.009306412190198898,0.0018014907836914062,0.005688220262527466,0.004107654094696045
2025-10-18T13:44:33Z,0.6101925040162925,-0.043461784764637704,0.005926677990933935,0.5786430239677429,0.2871120274066925,-0.7633733749389648,-0.021615524214204953,0.30025130204031053,-0.003701275130333525,0.9536081014338379,0.005300154909491539,0.00817260891199112,-0.011758191511034966,0.0009667873382568359,0.003275662660598755,0.003098905086517334
2025-10-18T13:44:33Z,0.6103372072018989,-0.04352638244982778,0.005648878530892388,0.5786867737770081,0.28718405961990356,-0.7633131742477417,-0.021604340334215412,0.3003229986036607,-0.003844995795936235,0.9535852053668401,0.014541275799274445,0.01629592478275299,-0.014209969900548458,0.00013214349746704102,0.0008630156517028809,0.0020903348922729492
2025-10-18T13:44:33Z,0.6106452982951786,-0.043408680993956464,0.005201699176319629,0.578851044178009,0.28708773851394653,-0.7632247805595398,-0.021480451823033465,0.30047525636453504,-0.00404383644786594,0.953539162828121,0.026672102510929108,0.017766360193490982,-0.013493908569216728,0.0015878081321716309,-0.005704343318939209,-0.0018759369850158691
